Player,Pos,Age,Tm,G,GS,MP,FG,FGA,FG%,3P,3PA,3P%,2P,2PA,2P%,eFG%,FT,FTA,FT%,ORB,DRB,TRB,AST,STL,BLK,TOV,PF,PTS,year,latitude,longitude
Kobe Bryant,SG,24,LAL,82,82,41.5,10.6,23.5,0.451,1.5,4,0.383,9.1,19.5,0.465,0.483,7.3,8.7,0.843,1.3,5.6,6.9,5.9,2.2,0.8,3.5,2.7,30,2002,36.77,-119.41
Vince Carter,SG,26,TOR,43,42,34.2,8.3,17.7,0.467,1,3,0.344,7.2,14.6,0.493,0.497,3,3.7,0.806,1.4,3,4.4,3.3,1.1,1,1.7,2.8,20.6,2002,43.65,-79.34
Tim Duncan,PF,26,SAS,81,81,39.3,8.8,17.2,0.513,0.1,0.3,0.273,8.7,16.9,0.517,0.515,5.6,7.8,0.71,3.2,9.7,12.9,3.9,0.7,2.9,3.1,2.9,23.3,2002,31,-100
Steve Francis,PG,25,HOU,81,81,41,7,16.2,0.435,1,3,0.354,6,13.2,0.453,0.468,5.9,7.3,0.8,2,4.2,6.2,6.2,1.7,0.5,3.7,3.1,21,2002,31,-100
Kevin Garnett,PF,26,MIN,82,82,40.5,9.1,18.1,0.502,0.2,0.9,0.282,8.8,17.2,0.513,0.508,4.6,6.1,0.751,3,10.5,13.4,6,1.4,1.6,2.8,2.4,23,2002,46.39,-94.64
Zydrunas Ilgauskas,C,27,CLE,81,81,30,6.1,13.9,0.441,0,0.1,0,6.1,13.8,0.443,0.441,4.9,6.3,0.781,3,4.6,7.5,1.6,0.7,1.9,2.6,3.4,17.2,2002,40.37,-82.99
Allen Iverson,SG,27,PHI,82,82,42.5,9.8,23.7,0.414,1,3.7,0.277,8.8,20,0.44,0.436,7,9,0.774,0.8,3.4,4.2,5.5,2.7,0.2,3.5,1.8,27.6,2002,41.2,-77.19
Michael Jordan,SF,39,WAS,82,67,37,8.3,18.6,0.445,0.2,0.7,0.291,8.1,18,0.45,0.45,3.2,4,0.821,0.9,5.2,6.1,3.8,1.5,0.5,2.1,2.1,20,2002,47.75,-120.74
Jason Kidd,PG,29,NJN,80,80,37.4,6.4,15.6,0.414,1.6,4.6,0.341,4.9,10.9,0.445,0.465,4.2,5,0.841,1.4,4.9,6.3,8.9,2.2,0.3,3.7,1.6,18.7,2002,39.83,-74.87
Stephon Marbury,PG,25,PHO,81,81,40,8.3,18.9,0.439,1.1,3.7,0.301,7.2,15.2,0.472,0.468,4.6,5.8,0.803,0.7,2.6,3.2,8.1,1.3,0.2,3.2,2.5,22.3,2002,34.04,-111.09
Shawn Marion,SF,24,PHO,81,81,41.6,8.2,18.1,0.452,1.7,4.5,0.387,6.4,13.6,0.473,0.5,3.1,3.6,0.851,2.5,7.1,9.5,2.4,2.3,1.2,1.9,2.6,21.2,2002,34.04,-111.09
Jamal Mashburn,SF,30,NOH,82,81,40.5,8.2,19.3,0.422,1.5,3.7,0.389,6.7,15.6,0.43,0.46,3.8,4.5,0.848,0.8,5.3,6.1,5.6,1,0.2,2.8,2.4,21.6,2002,30.39,-92.33
Tracy McGrady,SG,23,ORL,75,74,39.4,11.1,24.2,0.457,2.3,6,0.386,8.7,18.2,0.481,0.505,7.7,9.7,0.793,1.6,4.9,6.5,5.5,1.7,0.8,2.6,2.1,32.1,2002,28,-81.76
Brad Miller,C,26,IND,73,72,31.1,4.5,9.1,0.493,0.1,0.2,0.313,4.4,8.9,0.498,0.497,4,4.9,0.818,2.5,5.7,8.3,2.6,0.9,0.6,1.6,2.8,13.1,2002,40.27,-86.13
Yao Ming,C,22,HOU,82,72,29,4.9,9.8,0.498,0,0,0.5,4.9,9.8,0.498,0.499,3.7,4.5,0.811,2.4,5.8,8.2,1.7,0.4,1.8,2.1,2.8,13.5,2002,31,-100
Steve Nash,PG,28,DAL,82,82,33.1,6.3,13.6,0.465,1.4,3.3,0.413,5,10.3,0.482,0.515,3.8,4.1,0.909,0.8,2.1,2.9,7.3,1,0.1,2.3,1.6,17.7,2002,31,-100
Dirk Nowitzki,PF,24,DAL,80,80,39,8.6,18.6,0.463,1.9,4.9,0.379,6.8,13.7,0.493,0.513,6,6.9,0.881,1,8.9,9.9,3,1.4,1,1.9,2.6,25.1,2002,31,-100
Jermaine O'Neal,PF,24,IND,77,76,37.2,7.9,16.4,0.484,0.1,0.3,0.333,7.8,16.1,0.487,0.487,4.8,6.6,0.731,2.6,7.7,10.3,2,0.9,2.3,2.3,3.6,20.8,2002,40.27,-86.13
Shaquille O'Neal,C,30,LAL,67,66,37.8,10.4,18.1,0.574,0,0,,10.4,18.1,0.574,0.574,6.7,10.8,0.622,3.9,7.2,11.1,3.1,0.6,2.4,2.9,3.4,27.5,2002,36.77,-119.41
Gary Payton,PG,34,TOT,80,80,40.1,8.3,18.3,0.454,0.7,2.3,0.297,7.6,16.1,0.476,0.472,3.1,4.4,0.71,1,3.2,4.2,8.3,1.7,0.3,2.3,2.3,20.4,2002,47.75,-120.74
Paul Pierce,SG,25,BOS,79,79,39.2,8.4,20.2,0.416,1.5,4.9,0.302,6.9,15.2,0.454,0.454,7.6,9.5,0.802,1.3,6,7.3,4.4,1.8,0.8,3.6,2.9,25.9,2002,42.41,-71.38
Peja Stojaković,SF,25,SAC,72,72,34,6.9,14.4,0.481,2.2,5.6,0.382,4.8,8.7,0.545,0.556,3.2,3.7,0.875,0.8,4.7,5.5,2,1,0.1,1.4,2,19.2,2002,36.77,-119.41
Antoine Walker,PF,26,BOS,78,78,41.5,7.7,19.9,0.388,2.4,7.5,0.323,5.3,12.5,0.427,0.449,2.3,3.7,0.615,1.3,5.9,7.2,4.8,1.5,0.4,3.3,2.8,20.1,2002,42.41,-71.38
Ben Wallace,C,28,DET,73,73,39.4,2.9,6,0.481,0,0.1,0.167,2.9,5.9,0.485,0.482,1.2,2.6,0.45,4,11.4,15.4,1.6,1.4,3.2,1.2,2.5,6.9,2002,44.18,-84.51
Chris Webber,PF,29,SAC,67,67,39.1,9.9,21.4,0.461,0.1,0.3,0.238,9.8,21.1,0.465,0.463,3.2,5.3,0.607,2.4,8.1,10.5,5.4,1.6,1.3,3.2,3,23,2002,36.77,-119.41
Ray Allen,SG,28,SEA,56,56,38.4,8,18.2,0.44,2.6,6.8,0.392,5.3,11.4,0.468,0.512,4.4,4.8,0.904,1.2,3.9,5.1,4.8,1.3,0.2,2.8,2.4,23,2003,47.75,-120.74
Kobe Bryant,SG,25,LAL,65,64,37.6,7.9,18.1,0.438,1.1,3.3,0.327,6.8,14.8,0.463,0.468,7,8.2,0.852,1.6,3.9,5.5,5.1,1.7,0.4,2.6,2.7,24,2003,36.77,-119.41
Vince Carter,SG,27,TOR,73,73,38.2,8.3,20,0.417,1.3,3.3,0.383,7.1,16.6,0.424,0.449,4.6,5.7,0.806,1.3,3.5,4.8,4.8,1.2,0.9,3.1,2.9,22.5,2003,43.65,-79.34
Sam Cassell,PG,34,MIN,81,81,35,7.7,15.7,0.488,0.9,2.3,0.398,6.7,13.4,0.504,0.517,3.6,4.1,0.873,0.5,2.8,3.3,7.3,1.3,0.2,2.7,3,19.8,2003,46.39,-94.64
Baron Davis,PG,24,NOH,67,66,40.1,8.3,20.9,0.395,2.8,8.7,0.321,5.5,12.2,0.448,0.462,3.5,5.3,0.673,1,3.3,4.3,7.5,2.4,0.4,3.2,2.7,22.9,2003,30.39,-92.33
Tim Duncan,PF,27,SAS,69,68,36.6,8.6,17.1,0.501,0,0.2,0.167,8.6,16.9,0.505,0.502,5.1,8.5,0.599,3.3,9.2,12.4,3.1,0.9,2.7,2.7,2.4,22.3,2003,31,-100
Steve Francis,PG,26,HOU,79,79,40.4,5.7,14.1,0.403,0.9,3.2,0.292,4.8,11,0.435,0.436,4.3,5.5,0.775,1.5,4,5.5,6.2,1.8,0.4,3.7,3.3,16.6,2003,31,-100
Kevin Garnett,PF,27,MIN,82,82,39.4,9.8,19.6,0.499,0.1,0.5,0.256,9.7,19.1,0.506,0.502,4.5,5.7,0.791,3,10.9,13.9,5,1.5,2.2,2.6,2.5,24.2,2003,46.39,-94.64
Allen Iverson,SG,28,PHI,48,47,42.5,9.1,23.4,0.387,1.2,4.1,0.286,7.9,19.3,0.408,0.412,7.1,9.5,0.745,0.7,3,3.7,6.8,2.4,0.1,4.4,1.8,26.4,2003,41.2,-77.19
Jason Kidd,PG,30,NJN,67,66,36.6,5.5,14.3,0.384,1.4,4.4,0.321,4.1,9.9,0.411,0.433,3.1,3.7,0.827,1.3,5.1,6.4,9.2,1.8,0.2,3.2,1.6,15.5,2003,39.83,-74.87
Andrei Kirilenko,PF,22,UTA,78,78,37.1,5.3,11.9,0.443,0.9,2.6,0.338,4.4,9.4,0.471,0.479,5,6.4,0.79,2.9,5.2,8.1,3.1,1.9,2.8,2.8,2.2,16.5,2003,39.42,-111.95
Jamaal Magloire,C,25,NOH,82,82,33.9,4.7,9.9,0.473,0,0,0,4.7,9.9,0.474,0.473,4.3,5.7,0.751,3.3,7.1,10.3,1,0.5,1.2,2.5,3.4,13.6,2003,30.39,-92.33
Kenyon Martin,PF,26,NJN,65,62,34.6,6.8,13.8,0.488,0.1,0.4,0.28,6.6,13.5,0.494,0.492,3.1,4.5,0.684,2,7.4,9.5,2.5,1.5,1.3,2.6,3.5,16.7,2003,39.83,-74.87
Tracy McGrady,SG,24,ORL,67,67,39.9,9.7,23.4,0.417,2.6,7.7,0.339,7.1,15.7,0.455,0.473,5.9,7.5,0.796,1.4,4.6,6,5.5,1.4,0.6,2.7,1.9,28,2003,28,-81.76
Brad Miller,PF,27,SAC,72,53,36.4,5.2,10.2,0.51,0.2,0.5,0.316,5,9.6,0.521,0.518,3.6,4.6,0.778,2.7,7.7,10.3,4.3,0.9,1.2,2,3.4,14.1,2003,36.77,-119.41
Yao Ming,C,23,HOU,82,82,32.8,6.5,12.5,0.522,0,0,0,6.5,12.5,0.523,0.522,4.4,5.4,0.809,2.4,6.6,9,1.5,0.3,1.9,2.5,3.3,17.5,2003,31,-100
Dirk Nowitzki,C,25,DAL,77,77,37.9,7.9,17,0.462,1.3,3.8,0.341,6.6,13.2,0.496,0.5,4.8,5.5,0.877,1.2,7.5,8.7,2.7,1.2,1.4,1.8,2.8,21.8,2003,31,-100
Jermaine O'Neal,PF,25,IND,78,78,35.7,7.8,17.9,0.434,0,0.2,0.111,7.8,17.7,0.438,0.435,4.5,5.9,0.757,2.5,7.5,10,2.1,0.8,2.6,2.3,3.2,20.1,2003,40.27,-86.13
Shaquille O'Neal,C,31,LAL,67,67,36.8,8.3,14.1,0.584,0,0,,8.3,14.1,0.584,0.584,4.9,10.1,0.49,3.7,7.8,11.5,2.9,0.5,2.5,2.9,3.4,21.5,2003,36.77,-119.41
Paul Pierce,SG,26,BOS,80,80,38.7,7.5,18.7,0.402,1.4,4.8,0.299,6.1,13.9,0.438,0.441,6.5,7.9,0.819,0.9,5.7,6.5,5.1,1.6,0.7,3.8,2.9,23,2003,42.41,-71.38
Michael Redd,SG,24,MIL,82,82,36.8,7.7,17.5,0.44,1.5,4.4,0.35,6.2,13.1,0.47,0.484,4.7,5.4,0.868,1.4,3.5,5,2.3,1,0.1,1.4,1.9,21.7,2003,44.5,-89.5
Peja Stojaković,SF,26,SAC,81,81,40.3,8.2,17.1,0.48,3,6.8,0.433,5.2,10.3,0.511,0.566,4.9,5.2,0.927,1.1,5.1,6.3,2.1,1.3,0.2,1.9,2,24.2,2003,36.77,-119.41
Ben Wallace,C,29,DET,81,81,37.7,3.9,9.2,0.421,0,0.1,0.125,3.9,9.1,0.424,0.422,1.8,3.6,0.49,4,8.4,12.4,1.7,1.8,3,1.5,2,9.5,2003,44.18,-84.51
Metta World Peace,SF,24,IND,73,71,37.2,6.4,15.2,0.421,1,3.3,0.31,5.4,11.9,0.452,0.455,4.4,6,0.733,1.4,3.9,5.3,3.7,2.1,0.7,2.8,2.7,18.3,2003,40.27,-86.13
Ray Allen,SG,29,SEA,78,78,39.3,8.2,19.2,0.428,2.7,7.1,0.376,5.5,12,0.459,0.498,4.8,5.5,0.883,1,3.4,4.4,3.7,1.1,0.1,2.2,2.1,23.9,2004,47.75,-120.74
Gilbert Arenas,PG,23,WAS,80,80,40.9,8.2,19,0.431,2.6,7,0.365,5.6,12,0.469,0.498,6.5,8,0.814,1,3.7,4.7,5.1,1.7,0.3,3,3.1,25.5,2004,47.75,-120.74
Kobe Bryant,SG,26,LAL,66,66,40.7,8.7,20.1,0.433,2,5.9,0.339,6.7,14.2,0.472,0.482,8.2,10.1,0.816,1.4,4.5,5.9,6,1.3,0.8,4.1,2.6,27.6,2004,36.77,-119.41
Vince Carter,SF-SG,28,TOT,77,76,36.7,9,20,0.452,1.6,4.1,0.406,7.4,15.9,0.463,0.493,4.8,6,0.798,1.4,3.8,5.2,4.2,1.4,0.6,2.2,3.2,24.5,2004,47.75,-120.74
Tim Duncan,PF,28,SAS,66,66,33.4,7.8,15.8,0.496,0,0.1,0.333,7.8,15.7,0.498,0.498,4.6,6.9,0.67,3.1,8,11.1,2.7,0.7,2.6,1.9,2.2,20.3,2004,31,-100
Kevin Garnett,PF,28,MIN,82,82,38.1,8.3,16.6,0.502,0.1,0.3,0.24,8.3,16.3,0.507,0.504,5.4,6.7,0.811,3,10.5,13.5,5.7,1.5,1.4,2.7,2.5,22.2,2004,46.39,-94.64
Manu Ginóbili,SG,27,SAS,74,74,29.6,5,10.5,0.471,1.3,3.5,0.376,3.6,7.1,0.517,0.533,4.8,6,0.803,1,3.4,4.4,3.9,1.6,0.4,2.3,2.6,16,2004,31,-100
Grant Hill,SF,32,ORL,67,67,34.9,7.7,15.1,0.509,0,0.2,0.231,7.7,15,0.513,0.511,4.2,5.1,0.821,1.1,3.6,4.7,3.3,1.4,0.4,2.4,2.1,19.7,2004,28,-81.76
Zydrunas Ilgauskas,C,29,CLE,78,78,33.5,5.9,12.6,0.468,0,0.1,0.286,5.8,12.5,0.469,0.469,5.2,6.4,0.799,3.8,4.8,8.6,1.3,0.7,2.1,2.4,4,16.9,2004,40.37,-82.99
Allen Iverson,PG,29,PHI,75,75,42.3,10.3,24.2,0.424,1.4,4.5,0.308,8.9,19.7,0.451,0.453,8.7,10.5,0.835,0.7,3.3,4,7.9,2.4,0.1,4.6,1.9,30.7,2004,41.2,-77.19
LeBron James,SF,20,CLE,80,80,42.4,9.9,21.1,0.472,1.4,3.9,0.351,8.6,17.2,0.499,0.504,6,8,0.75,1.4,6,7.4,7.2,2.2,0.7,3.3,1.8,27.2,2004,40.37,-82.99
Antawn Jamison,PF,28,WAS,68,68,38.3,7.6,17.5,0.437,1,3.1,0.341,6.6,14.4,0.457,0.466,3.3,4.4,0.76,2.4,5.3,7.6,2.3,0.8,0.2,1.7,2.2,19.6,2004,47.75,-120.74
Rashard Lewis,SF,25,SEA,71,71,38,7.5,16.2,0.462,2.4,6.1,0.4,5.1,10.1,0.499,0.537,3.1,4,0.777,1.5,3.9,5.5,1.3,1.1,0.9,1.7,2.2,20.5,2004,47.75,-120.74
Shawn Marion,PF,26,PHO,81,81,38.8,7.6,15.9,0.476,1.4,4.2,0.334,6.2,11.7,0.526,0.52,2.8,3.4,0.833,2.9,8.4,11.3,1.9,2,1.5,1.5,2.5,19.4,2004,34.04,-111.09
Tracy McGrady,SF,25,HOU,78,78,40.8,9.2,21.3,0.431,1.8,5.6,0.326,7.3,15.7,0.468,0.473,5.5,7.1,0.774,0.9,5.3,6.2,5.7,1.7,0.7,2.6,2.1,25.7,2004,31,-100
Yao Ming,C,24,HOU,80,80,30.6,6.7,12.2,0.552,0,0,,6.7,12.2,0.552,0.552,4.9,6.2,0.783,2.6,5.8,8.4,0.8,0.4,2,2.5,3.7,18.3,2004,31,-100
Steve Nash,PG,30,PHO,75,75,34.3,5.7,11.4,0.502,1.3,2.9,0.431,4.5,8.5,0.526,0.557,2.8,3.2,0.887,0.8,2.6,3.3,11.5,1,0.1,3.3,1.8,15.5,2004,34.04,-111.09
Dirk Nowitzki,PF,26,DAL,78,78,38.7,8.5,18.5,0.459,1.2,2.9,0.399,7.3,15.6,0.47,0.49,7.9,9.1,0.869,1.2,8.5,9.7,3.1,1.2,1.5,2.3,2.8,26.1,2004,31,-100
Jermaine O'Neal,PF,26,IND,44,41,34.8,8.8,19.4,0.452,0,0.1,0.167,8.8,19.3,0.454,0.453,6.7,8.9,0.754,1.9,6.9,8.8,1.9,0.6,2,3,3.9,24.3,2004,40.27,-86.13
Shaquille O'Neal,C,32,MIA,73,73,34.1,9,15,0.601,0,0,,9,15,0.601,0.601,4.8,10.5,0.461,3.5,6.9,10.4,2.7,0.5,2.3,2.8,3.6,22.9,2004,27.99,-81.76
Paul Pierce,SF,27,BOS,82,82,36.1,6.8,14.9,0.455,1.3,3.6,0.37,5.5,11.4,0.481,0.499,6.7,8.1,0.822,1,5.6,6.6,4.2,1.6,0.5,2.8,3.1,21.6,2004,42.41,-71.38
Amar'e Stoudemire,C,22,PHO,80,80,36.1,9.3,16.7,0.559,0,0.2,0.188,9.3,16.5,0.564,0.56,7.3,9.9,0.733,2.7,6.2,8.9,1.6,1,1.6,2.4,3.5,26,2004,34.04,-111.09
Dwyane Wade,SG,23,MIA,77,77,38.6,8.2,17.1,0.478,0.2,0.6,0.289,8,16.5,0.485,0.483,7.5,9.9,0.762,1.4,3.7,5.2,6.8,1.6,1.1,4.2,3,24.1,2004,27.99,-81.76
Ben Wallace,C,30,DET,74,74,36.1,4,8.8,0.453,0,0.1,0.111,4,8.7,0.458,0.454,1.8,4.1,0.428,3.9,8.2,12.2,1.7,1.4,2.4,1.1,2.1,9.7,2004,44.18,-84.51
Ray Allen,SG,30,SEA,78,78,38.7,8.7,19.2,0.454,3.4,8.4,0.412,5.3,10.9,0.486,0.544,4.2,4.6,0.903,0.9,3.3,4.3,3.7,1.3,0.2,2.4,1.9,25.1,2005,47.75,-120.74
Gilbert Arenas,PG,24,WAS,80,80,42.3,9.3,20.9,0.447,2.5,6.8,0.369,6.8,14.1,0.485,0.507,8.2,10,0.82,0.7,2.8,3.5,6.1,2,0.3,3.7,3.6,29.3,2005,47.75,-120.74
Chauncey Billups,PG,29,DET,81,81,36.1,5.2,12.5,0.418,2.3,5.2,0.433,3,7.2,0.407,0.509,5.7,6.4,0.894,0.5,2.6,3.1,8.6,0.9,0.1,2.1,2,18.5,2005,44.18,-84.51
Chris Bosh,C,21,TOR,70,70,39.3,7.8,15.5,0.505,0,0.2,0,7.8,15.3,0.511,0.505,6.8,8.3,0.816,2.9,6.3,9.2,2.6,0.7,1.1,2.2,3,22.5,2005,43.65,-79.34
Elton Brand,PF,26,LAC,79,79,39.2,9.6,18.2,0.527,0,0,0.333,9.6,18.1,0.527,0.527,5.6,7.2,0.775,3,7,10,2.6,1,2.5,2.2,2.9,24.7,2005,36.78,-119.42
Kobe Bryant,SG,27,LAL,80,80,41,12.2,27.2,0.45,2.3,6.5,0.347,10,20.7,0.482,0.491,8.7,10.2,0.85,0.9,4.4,5.3,4.5,1.8,0.4,3.1,2.9,35.4,2005,36.77,-119.41
Vince Carter,SG,29,NJN,79,79,36.8,8.3,19.2,0.43,1.6,4.6,0.341,6.7,14.6,0.459,0.471,6.1,7.6,0.799,1.7,4.1,5.8,4.3,1.2,0.7,2.7,3,24.2,2005,39.83,-74.87
Tim Duncan,PF,29,SAS,80,80,34.8,7.2,14.8,0.484,0,0.1,0.4,7.2,14.8,0.485,0.485,4.2,6.7,0.629,2.9,8.1,11,3.2,0.9,2,2.5,2.7,18.6,2005,31,-100
Kevin Garnett,PF,29,MIN,76,76,38.9,8.2,15.7,0.526,0.1,0.4,0.267,8.1,15.3,0.532,0.529,5.2,6.4,0.81,2.8,9.9,12.7,4.1,1.4,1.4,2.4,2.7,21.8,2005,46.39,-94.64
Pau Gasol,PF,25,MEM,80,80,39.2,7.5,14.9,0.503,0,0.2,0.25,7.5,14.8,0.505,0.504,5.3,7.7,0.689,2.4,6.5,8.9,4.6,0.6,1.9,2.9,2.3,20.4,2005,35.86,-86.66
Richard Hamilton,SG,27,DET,80,80,35.3,8.1,16.5,0.491,0.7,1.5,0.458,7.4,15,0.494,0.512,3.2,3.8,0.845,1.1,2.2,3.2,3.4,0.7,0.2,2.2,2.6,20.1,2005,44.18,-84.51
Allen Iverson,PG,30,PHI,72,72,43.1,11.3,25.3,0.447,1,3.1,0.323,10.3,22.2,0.465,0.467,9.4,11.5,0.814,0.6,2.6,3.2,7.4,1.9,0.1,3.4,1.7,33,2005,41.2,-77.19
LeBron James,SF,21,CLE,79,79,42.5,11.1,23.1,0.48,1.6,4.8,0.335,9.5,18.3,0.518,0.515,7.6,10.3,0.738,0.9,6.1,7,6.6,1.6,0.8,3.3,2.3,31.4,2005,40.37,-82.99
Shawn Marion,PF,27,PHO,81,81,40.3,8.8,16.9,0.525,1.2,3.6,0.331,7.7,13.3,0.577,0.56,3,3.7,0.809,3.1,8.8,11.8,1.8,2,1.7,1.5,2.8,21.8,2005,34.04,-111.09
Tracy McGrady,SF,26,HOU,47,47,37.1,8.7,21.5,0.406,1.6,5,0.312,7.2,16.5,0.434,0.442,5.4,7.2,0.747,1,5.6,6.5,4.8,1.3,0.9,2.6,1.9,24.4,2005,31,-100
Yao Ming,C,25,HOU,57,57,34.2,8.2,15.8,0.519,0,0,0,8.2,15.8,0.519,0.519,5.9,6.9,0.853,2.6,7.6,10.2,1.5,0.5,1.6,2.6,3.4,22.3,2005,31,-100
Steve Nash,PG,31,PHO,79,79,35.4,6.8,13.4,0.512,1.9,4.3,0.439,4.9,9,0.548,0.583,3.3,3.5,0.921,0.6,3.6,4.2,10.5,0.8,0.2,3.5,1.5,18.8,2005,34.04,-111.09
Dirk Nowitzki,PF,27,DAL,81,81,38.1,9.3,19.3,0.48,1.4,3.3,0.406,7.9,16,0.496,0.515,6.7,7.4,0.901,1.4,7.6,9,2.8,0.7,1,1.9,2,26.6,2005,31,-100
Jermaine O'Neal,PF,27,IND,51,47,35.3,7.5,15.8,0.472,0.1,0.2,0.3,7.4,15.6,0.474,0.474,5.1,7.2,0.709,2,7.3,9.3,2.6,0.5,2.3,3,3.5,20.1,2005,40.27,-86.13
Shaquille O'Neal,C,33,MIA,59,58,30.6,8.1,13.6,0.6,0,0,,8.1,13.6,0.6,0.6,3.7,8,0.469,2.9,6.3,9.2,1.9,0.4,1.8,2.8,3.9,20,2005,27.99,-81.76
Tony Parker,PG,23,SAS,80,80,33.9,7.8,14.2,0.548,0.1,0.5,0.306,7.7,13.8,0.556,0.553,3.2,4.5,0.707,0.5,2.8,3.3,5.8,1,0.1,3.1,2,18.9,2005,31,-100
Paul Pierce,SF,28,BOS,79,79,39,8.7,18.5,0.471,1.4,4,0.354,7.3,14.5,0.503,0.509,7.9,10.3,0.772,1,5.7,6.7,4.7,1.4,0.4,3.5,2.8,26.8,2005,42.41,-71.38
Dwyane Wade,SG,24,MIA,75,75,38.6,9.3,18.8,0.495,0.2,1,0.171,9.1,17.8,0.513,0.499,8.4,10.7,0.783,1.4,4.3,5.7,6.7,1.9,0.8,3.6,2.9,27.2,2005,27.99,-81.76
Ben Wallace,C,31,DET,82,82,35.2,2.9,5.7,0.51,0,0,0,2.9,5.6,0.514,0.51,1.5,3.6,0.416,3.7,7.6,11.3,1.9,1.8,2.2,1.1,2,7.3,2005,44.18,-84.51
Rasheed Wallace,PF,31,DET,80,80,34.8,5.7,13.3,0.43,1.9,5.4,0.357,3.8,7.9,0.48,0.503,1.7,2.3,0.743,1.1,5.7,6.8,2.3,1,1.6,1.1,2.9,15.1,2005,44.18,-84.51
Ray Allen,SG,31,SEA,55,55,40.3,9.2,21,0.438,3,8.1,0.372,6.2,12.9,0.479,0.51,5.1,5.6,0.903,1,3.5,4.5,4.1,1.5,0.2,2.8,2.1,26.4,2006,47.75,-120.74
Carmelo Anthony,SF,22,DEN,65,65,38.2,10.6,22.4,0.476,0.6,2.3,0.268,10,20.1,0.499,0.489,7.1,8.7,0.808,2.2,3.8,6,3.8,1.2,0.4,3.6,3.1,28.9,2006,39.11,-105.36
Gilbert Arenas,PG,25,WAS,74,73,39.8,8.7,20.9,0.418,2.8,7.9,0.351,6,13,0.459,0.484,8.2,9.7,0.844,0.8,3.7,4.6,6,1.9,0.2,3.2,3.4,28.4,2006,47.75,-120.74
Chauncey Billups,PG,30,DET,70,70,36.2,5,11.6,0.427,1.6,4.5,0.345,3.4,7.1,0.479,0.494,5.5,6.2,0.883,0.3,3.1,3.4,7.2,1.2,0.2,2,2.3,17,2006,44.18,-84.51
Carlos Boozer,PF,25,UTA,74,74,34.6,8.7,15.6,0.561,0,0,,8.7,15.6,0.561,0.561,3.4,5,0.685,3.2,8.5,11.7,3,0.9,0.3,2.6,2.9,20.9,2006,39.42,-111.95
Chris Bosh,C,22,TOR,69,69,38.5,7.9,15.9,0.496,0.2,0.5,0.343,7.7,15.3,0.501,0.502,6.7,8.6,0.785,2.7,8,10.7,2.5,0.6,1.3,2.6,2.4,22.6,2006,43.65,-79.34
Kobe Bryant,SG,28,LAL,77,77,40.8,10.6,22.8,0.463,1.8,5.2,0.344,8.8,17.6,0.497,0.502,8.7,10,0.868,1,4.7,5.7,5.4,1.4,0.5,3.3,2.7,31.6,2006,36.77,-119.41
Caron Butler,SF,26,WAS,63,63,39.3,7.2,15.5,0.463,0.3,1.1,0.25,6.9,14.3,0.48,0.472,4.5,5.2,0.863,2.3,5.1,7.4,3.7,2.1,0.3,2.9,3,19.1,2006,47.75,-120.74
Vince Carter,SG,30,NJN,82,82,38.1,8.9,19.5,0.454,1.9,5.3,0.357,7,14.2,0.491,0.503,5.6,7,0.802,1.4,4.6,6,4.8,1,0.4,2.6,3.2,25.2,2006,39.83,-74.87
Tim Duncan,C,30,SAS,80,80,34.1,7.7,14.1,0.546,0,0.1,0.111,7.7,14,0.55,0.547,4.5,7.1,0.637,2.7,7.9,10.6,3.4,0.8,2.4,2.8,2.5,20,2006,31,-100
Kevin Garnett,PF,30,MIN,76,76,39.4,8.4,17.6,0.476,0.2,0.7,0.214,8.2,16.9,0.487,0.48,5.5,6.6,0.835,2.4,10.4,12.8,4.1,1.2,1.7,2.7,2.4,22.4,2006,46.39,-94.64
Richard Hamilton,SG,28,DET,75,75,36.8,7.3,15.6,0.468,0.6,1.7,0.341,6.7,13.9,0.483,0.486,4.6,5.4,0.861,1,2.8,3.8,3.8,0.8,0.2,2.1,3.1,19.8,2006,44.18,-84.51
Dwight Howard,C,21,ORL,82,82,36.9,6.4,10.6,0.603,0,0,0.5,6.4,10.6,0.603,0.603,4.8,8.1,0.586,3.5,8.8,12.3,1.9,0.9,1.9,3.9,3,17.6,2006,28,-81.76
Josh Howard,SF,26,DAL,70,69,35.1,7,15.4,0.459,1.3,3.4,0.385,5.7,11.9,0.48,0.501,3.5,4.2,0.827,1.9,4.9,6.8,1.8,1.2,0.8,1.8,2.6,18.9,2006,31,-100
Allen Iverson,SG-PG,31,TOT,65,64,42.5,8.9,20.2,0.442,1,3,0.315,8,17.2,0.465,0.466,7.5,9.4,0.795,0.4,2.6,3,7.2,1.9,0.2,4.1,1.5,26.3,2006,47.75,-120.74
LeBron James,SF,22,CLE,78,78,40.9,9.9,20.8,0.476,1.3,4,0.319,8.6,16.8,0.513,0.507,6.3,9,0.698,1.1,5.7,6.7,6,1.6,0.7,3.2,2.2,27.3,2006,40.37,-82.99
Joe Johnson,SG,25,ATL,57,57,41.4,9.4,20,0.471,2.1,5.5,0.381,7.3,14.5,0.504,0.523,4.1,5.5,0.748,0.9,3.3,4.2,4.4,1.1,0.2,3.1,2,25,2006,33.25,-83.44
Jason Kidd,PG,33,NJN,80,80,36.7,4.6,11.4,0.406,1.6,4.5,0.343,3.1,6.8,0.448,0.475,2.2,2.9,0.778,1.7,6.5,8.2,9.2,1.6,0.3,2.7,1.8,13,2006,39.83,-74.87
Shawn Marion,SF,28,PHO,80,80,37.6,7,13.4,0.524,1,3.2,0.317,6,10.2,0.587,0.561,2.5,3.1,0.81,2.2,7.7,9.8,1.7,2,1.5,1.4,2.7,17.5,2006,34.04,-111.09
Tracy McGrady,SG,27,HOU,71,71,35.8,9,20.8,0.431,1.8,5.4,0.331,7.2,15.5,0.466,0.474,4.9,6.9,0.707,0.8,4.5,5.3,6.5,1.3,0.5,3,1.9,24.6,2006,31,-100
Yao Ming,C,26,HOU,48,48,33.8,8.8,17.1,0.516,0,0,0,8.8,17,0.518,0.516,7.4,8.6,0.862,2.1,7.3,9.4,2,0.4,2,3.5,3.3,25,2006,31,-100
Steve Nash,PG,32,PHO,76,76,35.3,6.8,12.8,0.532,2.1,4.5,0.455,4.8,8.3,0.575,0.613,2.9,3.3,0.899,0.4,3.1,3.5,11.6,0.8,0.1,3.8,1.5,18.6,2006,34.04,-111.09
Dirk Nowitzki,PF,28,DAL,78,78,36.2,8.6,17.2,0.502,0.9,2.2,0.416,7.7,15,0.515,0.529,6.4,7.1,0.904,1.6,7.3,8.9,3.4,0.7,0.8,2.1,2.2,24.6,2006,31,-100
Jermaine O'Neal,C,28,IND,69,69,35.6,7.2,16.5,0.436,0,0.1,0,7.2,16.4,0.439,0.436,5,6.5,0.767,2.2,7.4,9.6,2.4,0.7,2.6,2.9,3.4,19.4,2006,40.27,-86.13
Shaquille O'Neal,C,34,MIA,40,39,28.4,7.1,12,0.591,0,0,,7.1,12,0.591,0.591,3.1,7.4,0.422,2.4,5,7.4,2,0.2,1.4,2.4,3.5,17.3,2006,27.99,-81.76
Mehmet Okur,C,27,UTA,80,80,33.3,6.1,13.3,0.462,1.6,4.2,0.384,4.5,9.1,0.498,0.523,3.7,4.8,0.765,2,5.2,7.2,2,0.5,0.5,1.6,3.2,17.6,2006,39.42,-111.95
Tony Parker,PG,24,SAS,77,77,32.5,7.4,14.2,0.52,0.2,0.5,0.395,7.2,13.7,0.525,0.527,3.6,4.5,0.783,0.4,2.8,3.2,5.5,1.1,0.1,2.5,1.8,18.6,2006,31,-100
Amar'e Stoudemire,C,24,PHO,82,78,32.8,7.4,12.9,0.575,0,0,0,7.4,12.8,0.577,0.575,5.6,7.1,0.781,2.7,6.9,9.6,1,1,1.3,2.8,3.6,20.4,2006,34.04,-111.09
Dwyane Wade,SG,25,MIA,51,50,37.9,9.3,18.9,0.491,0.4,1.5,0.266,8.8,17.3,0.511,0.502,8.5,10.5,0.807,1,3.7,4.7,7.5,2.1,1.2,4.2,2.3,27.4,2006,27.99,-81.76
Ray Allen,SG,32,BOS,73,73,35.9,6,13.5,0.445,2.5,6.2,0.398,3.5,7.3,0.485,0.537,2.9,3.2,0.907,1,2.6,3.7,3.1,0.9,0.2,1.7,2,17.4,2007,42.41,-71.38
Carmelo Anthony,SF,23,DEN,77,77,36.4,9.5,19.2,0.492,0.8,2.1,0.354,8.7,17.1,0.509,0.511,6,7.7,0.786,2.3,5.1,7.4,3.4,1.3,0.5,3.3,3.3,25.7,2007,39.11,-105.36
Chauncey Billups,PG,31,DET,78,78,32.3,5,11.2,0.448,1.8,4.4,0.401,3.3,6.9,0.479,0.526,5.1,5.6,0.918,0.5,2.2,2.7,6.8,1.3,0.2,2.1,1.7,17,2007,44.18,-84.51
Carlos Boozer,PF,26,UTA,81,81,34.9,8.8,16,0.547,0,0,0,8.8,16,0.547,0.547,3.6,4.9,0.738,2.4,8,10.4,2.9,1.2,0.5,2.6,3.6,21.1,2007,39.42,-111.95
Chris Bosh,C,23,TOR,67,67,36.2,7.6,15.3,0.494,0.1,0.4,0.4,7.4,15,0.496,0.499,7,8.3,0.844,2.6,6.1,8.7,2.6,0.9,1,2.3,2.3,22.3,2007,43.65,-79.34
Kobe Bryant,SG,29,LAL,82,82,38.9,9.5,20.6,0.459,1.8,5.1,0.361,7.6,15.5,0.49,0.503,7.6,9,0.84,1.1,5.2,6.3,5.4,1.8,0.5,3.1,2.8,28.3,2007,36.77,-119.41
Caron Butler,SF,27,WAS,58,58,39.9,7.6,16.3,0.466,1.1,3.2,0.357,6.4,13.1,0.492,0.501,4.1,4.5,0.901,1.6,5.1,6.7,4.9,2.2,0.3,2.6,2.8,20.3,2007,47.75,-120.74
Tim Duncan,C,31,SAS,78,78,34,7.5,15.1,0.497,0,0.1,0,7.5,15.1,0.498,0.497,4.3,5.9,0.73,3,8.3,11.3,2.8,0.7,1.9,2.3,2.4,19.3,2007,31,-100
Kevin Garnett,PF,31,BOS,71,71,32.8,7.5,13.9,0.539,0,0.2,0,7.5,13.8,0.545,0.539,3.8,4.7,0.801,1.9,7.3,9.2,3.4,1.4,1.3,1.9,2.3,18.8,2007,42.41,-71.38
Richard Hamilton,SG,29,DET,72,72,33.7,6.9,14.3,0.484,0.9,2,0.44,6.1,12.3,0.492,0.515,2.6,3.1,0.833,1,2.2,3.3,4.2,1,0.1,1.8,2.4,17.3,2007,44.18,-84.51
Dwight Howard,C,22,ORL,82,82,37.7,7.1,11.9,0.599,0,0,0,7.1,11.8,0.601,0.599,6.5,10.9,0.59,3.4,10.8,14.2,1.3,0.9,2.1,3.2,3.3,20.7,2007,28,-81.76
Allen Iverson,SG,32,DEN,82,82,41.8,8.7,19,0.458,1.2,3.4,0.345,7.5,15.6,0.482,0.488,7.9,9.7,0.809,0.6,2.4,3,7.1,2,0.1,3,1.3,26.4,2007,39.11,-105.36
LeBron James,SF,23,CLE,75,74,40.4,10.6,21.9,0.484,1.5,4.8,0.315,9.1,17.1,0.531,0.518,7.3,10.3,0.712,1.8,6.1,7.9,7.2,1.8,1.1,3.4,2.2,30,2007,40.37,-82.99
Antawn Jamison,PF,31,WAS,79,79,38.7,7.8,17.9,0.436,1.5,4.5,0.339,6.3,13.5,0.468,0.478,4.2,5.5,0.76,2.7,7.5,10.2,1.5,1.3,0.4,1.4,2.5,21.4,2007,47.75,-120.74
Joe Johnson,SG,26,ATL,82,82,40.8,7.9,18.3,0.432,2.1,5.4,0.381,5.8,12.8,0.454,0.489,3.9,4.6,0.834,1,3.5,4.5,5.8,1,0.2,2.7,2,21.7,2007,33.25,-83.44
Jason Kidd,PG,34,TOT,80,80,36.3,3.8,9.9,0.385,1.5,3.9,0.381,2.3,6,0.387,0.46,1.7,2.1,0.818,1.2,6.3,7.5,10.1,1.7,0.3,3.3,2.1,10.8,2007,47.75,-120.74
Yao Ming,C,27,HOU,55,55,37.2,7.9,15.5,0.507,0,0,0,7.9,15.5,0.508,0.507,6.3,7.4,0.85,3.1,7.7,10.8,2.3,0.5,2,3.3,3.1,22,2007,31,-100
Steve Nash,PG,33,PHO,81,81,34.3,6,11.9,0.504,2.2,4.7,0.47,3.8,7.2,0.527,0.597,2.7,3,0.906,0.3,3.1,3.5,11.1,0.7,0.1,3.6,1.4,16.9,2007,34.04,-111.09
Dirk Nowitzki,PF,29,DAL,77,77,36,8.2,17.1,0.479,1,2.9,0.359,7.2,14.2,0.504,0.51,6.2,7.1,0.879,1.2,7.3,8.6,3.5,0.7,0.9,2.1,2.6,23.6,2007,31,-100
Chris Paul,PG,22,NOH,80,80,37.6,7.9,16.1,0.488,1.2,3.1,0.369,6.7,13,0.516,0.524,4.2,4.9,0.851,0.8,3.2,4,11.6,2.7,0.1,2.5,2.3,21.1,2007,30.39,-92.33
Paul Pierce,SF,30,BOS,80,80,35.9,6.4,13.7,0.464,1.8,4.6,0.392,4.6,9.2,0.499,0.529,5.1,6.1,0.843,0.7,4.5,5.1,4.5,1.3,0.5,2.8,2.5,19.6,2007,42.41,-71.38
Brandon Roy,SG,23,POR,74,74,37.7,7.2,15.8,0.454,1,2.9,0.34,6.2,12.9,0.48,0.485,3.8,5,0.753,1.1,3.6,4.7,5.8,1.1,0.2,1.8,2,19.1,2007,44,-120.5
Amar'e Stoudemire,C,25,PHO,79,79,33.9,9,15.3,0.59,0.1,0.4,0.161,9,14.9,0.601,0.592,7,8.7,0.805,2.3,6.8,9.1,1.5,0.8,2.1,2.2,3.7,25.2,2007,34.04,-111.09
Dwyane Wade,SG,26,MIA,51,49,38.3,8.6,18.4,0.469,0.4,1.5,0.286,8.2,16.9,0.485,0.48,6.9,9.2,0.758,0.9,3.3,4.2,6.9,1.7,0.7,4.4,2.7,24.6,2007,27.99,-81.76
Rasheed Wallace,C,33,DET,77,76,30.5,4.9,11.3,0.432,1.5,4.1,0.356,3.4,7.2,0.476,0.497,1.5,1.9,0.767,1.1,5.5,6.6,1.8,1.2,1.7,1.1,2.8,12.7,2007,44.18,-84.51
David West,PF,27,NOH,76,76,37.8,8.3,17.2,0.482,0.1,0.3,0.24,8.2,16.8,0.487,0.484,3.9,4.6,0.85,2.4,6.5,8.9,2.3,0.8,1.3,2.2,2.7,20.6,2007,30.39,-92.33
Ray Allen,SG,33,BOS,79,79,36.4,6.3,13.2,0.48,2.5,6.2,0.409,3.8,7,0.542,0.575,3,3.2,0.952,0.8,2.7,3.5,2.8,0.9,0.2,1.7,2,18.2,2008,42.41,-71.38
Chauncey Billups,PG,32,TOT,79,79,35.3,5.2,12.4,0.418,2.1,5,0.408,3.1,7.4,0.425,0.501,5.3,5.8,0.913,0.4,2.6,3,6.4,1.2,0.2,2.2,2,17.7,2008,47.75,-120.74
Chris Bosh,C,24,TOR,77,77,38,8,16.4,0.487,0.2,0.6,0.245,7.8,15.8,0.497,0.492,6.5,8,0.817,2.8,7.2,10,2.5,0.9,1,2.3,2.5,22.7,2008,43.65,-79.34
Kobe Bryant,SG,30,LAL,82,82,36.1,9.8,20.9,0.467,1.4,4.1,0.351,8.3,16.8,0.496,0.502,5.9,6.9,0.856,1.1,4.1,5.2,4.9,1.5,0.5,2.6,2.3,26.8,2008,36.77,-119.41
Tim Duncan,C,32,SAS,75,75,33.7,7.4,14.8,0.504,0,0,0,7.4,14.7,0.505,0.504,4.5,6.4,0.692,2.7,8,10.7,3.5,0.5,1.7,2.2,2.3,19.3,2008,31,-100
Kevin Garnett,PF,32,BOS,57,57,31.1,6.9,13,0.531,0,0.1,0.25,6.9,12.8,0.534,0.532,1.9,2.3,0.841,1.4,7.1,8.5,2.5,1.1,1.2,1.6,2.2,15.8,2008,42.41,-71.38
Pau Gasol,C,28,LAL,81,81,37,7.3,12.9,0.567,0,0,0.5,7.3,12.9,0.567,0.567,4.2,5.4,0.781,3.2,6.4,9.6,3.5,0.6,1,1.9,2.1,18.9,2008,36.77,-119.41
Danny Granger,SF,25,IND,67,66,36.2,8.5,19.1,0.447,2.7,6.7,0.404,5.8,12.3,0.47,0.518,6,6.9,0.878,0.7,4.4,5.1,2.7,1,1.4,2.5,3.1,25.8,2008,40.27,-86.13
Devin Harris,PG,25,NJN,69,69,36.1,6.6,15.1,0.438,0.9,3.2,0.291,5.7,11.9,0.477,0.469,7.2,8.8,0.82,0.4,2.9,3.3,6.9,1.7,0.2,3.1,2.4,21.3,2008,39.83,-74.87
Dwight Howard,C,23,ORL,79,79,35.7,7.1,12.4,0.572,0,0,0,7.1,12.4,0.573,0.572,6.4,10.7,0.594,4.3,9.6,13.8,1.4,1,2.9,3,3.4,20.6,2008,28,-81.76
Allen Iverson,PG,33,TOT,57,53,36.7,6.1,14.6,0.417,0.5,1.7,0.283,5.6,12.9,0.435,0.434,4.8,6.1,0.781,0.5,2.5,3,5,1.5,0.1,2.6,1.5,17.5,2008,47.75,-120.74
LeBron James,SF,24,CLE,81,81,37.7,9.7,19.9,0.489,1.6,4.7,0.344,8.1,15.2,0.535,0.53,7.3,9.4,0.78,1.3,6.3,7.6,7.2,1.7,1.1,3,1.7,28.4,2008,40.37,-82.99
Joe Johnson,SG,27,ATL,79,79,39.5,7.8,18,0.437,1.9,5.2,0.36,6,12.7,0.468,0.489,3.8,4.6,0.826,0.8,3.6,4.4,5.8,1.1,0.2,2.5,2.2,21.4,2008,33.25,-83.44
Rashard Lewis,PF,29,ORL,79,79,36.2,6.1,13.8,0.439,2.8,7,0.397,3.3,6.8,0.482,0.54,2.8,3.4,0.836,1.2,4.6,5.7,2.6,1,0.6,2,2.5,17.7,2008,28,-81.76
Yao Ming,C,28,HOU,77,77,33.6,7.4,13.4,0.548,0,0,1,7.3,13.4,0.548,0.549,4.9,5.7,0.866,2.6,7.2,9.9,1.8,0.4,1.9,3,3.3,19.7,2008,31,-100
Jameer Nelson,PG,26,ORL,42,42,31.2,6.4,12.6,0.503,2,4.3,0.453,4.4,8.3,0.529,0.58,2,2.3,0.887,0.5,3,3.5,5.4,1.2,0.1,2,2.9,16.7,2008,28,-81.76
Dirk Nowitzki,PF,30,DAL,81,81,37.7,9.6,20,0.479,0.8,2.1,0.359,8.8,17.9,0.493,0.498,6,6.7,0.89,1.1,7.3,8.4,2.4,0.8,0.8,1.9,2.2,25.9,2008,31,-100
Shaquille O'Neal,C,36,PHO,75,75,30,6.8,11.2,0.609,0,0,0,6.8,11.2,0.61,0.609,4.1,6.9,0.595,2.5,5.9,8.4,1.7,0.7,1.4,2.2,3.4,17.8,2008,34.04,-111.09
Tony Parker,PG,26,SAS,72,71,34.1,8.9,17.5,0.506,0.3,0.9,0.292,8.6,16.6,0.518,0.513,3.9,5,0.782,0.4,2.7,3.1,6.9,0.9,0.1,2.6,1.5,22,2008,31,-100
Chris Paul,PG,23,NOH,78,78,38.5,8.1,16.1,0.503,0.8,2.3,0.364,7.3,13.8,0.525,0.528,5.8,6.7,0.868,0.9,4.7,5.5,11,2.8,0.1,3,2.7,22.8,2008,30.39,-92.33
Paul Pierce,SF,31,BOS,81,81,37.5,6.7,14.6,0.457,1.5,3.8,0.391,5.2,10.8,0.48,0.508,5.7,6.8,0.83,0.7,5,5.6,3.6,1,0.3,2.8,2.7,20.5,2008,42.41,-71.38
Brandon Roy,SG,24,POR,78,78,37.2,8.1,16.9,0.48,1.1,2.8,0.377,7.1,14.1,0.501,0.512,5.3,6.5,0.824,1.3,3.4,4.7,5.1,1.1,0.3,1.9,1.6,22.6,2008,44,-120.5
Amar'e Stoudemire,PF,26,PHO,53,53,36.8,7.6,14.1,0.539,0.1,0.1,0.429,7.6,14,0.54,0.541,6.1,7.3,0.835,2.2,5.9,8.1,2,0.9,1.1,2.8,3.1,21.4,2008,34.04,-111.09
Dwyane Wade,SG,27,MIA,79,79,38.6,10.8,22,0.491,1.1,3.5,0.317,9.7,18.5,0.524,0.516,7.5,9.8,0.765,1.1,3.9,5,7.5,2.2,1.3,3.4,2.3,30.2,2008,27.99,-81.76
David West,PF,28,NOH,76,76,39.2,8,17,0.472,0.1,0.3,0.24,7.9,16.7,0.477,0.474,4.8,5.5,0.884,2.1,6.4,8.5,2.3,0.6,0.9,2.1,2.7,21,2008,30.39,-92.33
Mo Williams,PG,26,CLE,81,81,35,6.5,13.9,0.467,2.3,5.2,0.436,4.2,8.7,0.486,0.548,2.6,2.8,0.912,0.6,2.9,3.4,4.1,0.9,0.1,2.2,2.7,17.8,2008,40.37,-82.99
Carmelo Anthony,SF,25,DEN,69,69,38.2,10,21.8,0.458,0.9,2.7,0.316,9.1,19.1,0.478,0.478,7.4,8.9,0.83,2.2,4.4,6.6,3.2,1.3,0.4,3,3.3,28.2,2009,39.11,-105.36
Chauncey Billups,PG,33,DEN,73,73,34.1,5.5,13.2,0.418,2.2,5.6,0.386,3.4,7.6,0.441,0.499,6.4,7,0.91,0.3,2.8,3.1,5.6,1.1,0.1,2.4,2.1,19.5,2009,39.11,-105.36
Chris Bosh,C,25,TOR,70,70,36.1,8.6,16.5,0.518,0.1,0.3,0.364,8.5,16.2,0.521,0.522,6.7,8.4,0.797,2.9,7.9,10.8,2.4,0.6,1,2.4,2.4,24,2009,43.65,-79.34
Kobe Bryant,SG,31,LAL,73,73,38.8,9.8,21.5,0.456,1.4,4.1,0.329,8.5,17.4,0.487,0.488,6,7.4,0.811,1.1,4.3,5.4,5,1.5,0.3,3.2,2.6,27,2009,36.77,-119.41
Tim Duncan,C,33,SAS,78,77,31.3,7.2,13.9,0.518,0,0.1,0.182,7.2,13.7,0.522,0.519,3.5,4.8,0.725,2.8,7.3,10.1,3.2,0.6,1.5,1.8,1.9,17.9,2009,31,-100
Kevin Durant,SF,21,OKC,82,82,39.5,9.7,20.3,0.476,1.6,4.3,0.365,8.1,16.1,0.506,0.514,9.2,10.2,0.9,1.3,6.3,7.6,2.8,1.4,1,3.3,2.1,30.1,2009,36.08,-96.92
Kevin Garnett,PF,33,BOS,69,69,29.9,5.8,11.2,0.521,0,0.1,0.2,5.8,11.1,0.523,0.521,2.7,3.2,0.837,1.1,6.2,7.3,2.7,1,0.8,1.5,2.5,14.3,2009,42.41,-71.38
Pau Gasol,C,29,LAL,65,65,37,7,13,0.536,0,0.1,0,7,12.9,0.539,0.536,4.4,5.6,0.79,3.7,7.6,11.3,3.4,0.6,1.7,2.2,2.3,18.3,2009,36.77,-119.41
Al Horford,C,23,ATL,81,81,35.1,5.8,10.5,0.551,0,0,1,5.8,10.4,0.551,0.552,2.6,3.3,0.789,2.9,7,9.9,2.3,0.7,1.1,1.5,2.8,14.2,2009,33.25,-83.44
Dwight Howard,C,24,ORL,82,82,34.7,6.2,10.2,0.612,0,0.1,0,6.2,10.1,0.617,0.612,5.9,10,0.592,3.5,9.7,13.2,1.8,0.9,2.8,3.3,3.5,18.3,2009,28,-81.76
Allen Iverson,SG-PG,34,TOT,28,24,30.9,4.9,11.3,0.43,0.3,0.9,0.36,4.5,10.4,0.436,0.445,3.7,4.7,0.794,0.6,2.3,2.8,4,0.7,0.1,2.3,1.7,13.8,2009,47.75,-120.74
LeBron James,SF,25,CLE,76,76,39,10.1,20.1,0.503,1.7,5.1,0.333,8.4,15,0.56,0.545,7.8,10.2,0.767,0.9,6.4,7.3,8.6,1.6,1,3.4,1.6,29.7,2009,40.37,-82.99
Joe Johnson,SG,28,ATL,76,76,38,8.4,18.2,0.458,1.7,4.6,0.369,6.7,13.6,0.488,0.505,2.9,3.5,0.818,1,3.7,4.6,4.9,1.1,0.1,1.9,1.9,21.3,2009,33.25,-83.44
Chris Kaman,C,27,LAC,76,76,34.3,7.8,15.8,0.49,0,0.1,0,7.8,15.7,0.492,0.49,3,4,0.749,2.4,6.8,9.3,1.6,0.5,1.2,2.9,2.8,18.5,2009,36.78,-119.42
Jason Kidd,PG,36,DAL,80,80,36,3.6,8.4,0.423,2.2,5.2,0.425,1.4,3.2,0.42,0.554,1,1.2,0.808,0.6,5,5.6,9.1,1.8,0.4,2.4,1.8,10.3,2009,31,-100
David Lee,C,26,NYK,81,81,37.3,8.5,15.5,0.545,0,0.1,0,8.5,15.4,0.549,0.545,3.3,4.1,0.812,2.8,8.9,11.7,3.6,1,0.5,2.3,3.2,20.2,2009,43,-75
Steve Nash,PG,35,PHO,81,81,32.8,6.2,12.2,0.507,1.5,3.6,0.426,4.6,8.6,0.54,0.57,2.6,2.8,0.938,0.4,2.9,3.3,11,0.5,0.1,3.6,1.3,16.5,2009,34.04,-111.09
Dirk Nowitzki,PF,31,DAL,81,80,37.5,8.9,18.5,0.481,0.6,1.5,0.421,8.3,17,0.487,0.498,6.6,7.2,0.915,1,6.7,7.7,2.7,0.9,1,1.8,2.6,25,2009,31,-100
Chris Paul,PG,24,NOH,45,45,38,7,14.2,0.493,1.2,2.8,0.409,5.8,11.3,0.514,0.534,3.6,4.2,0.847,0.4,3.8,4.2,10.7,2.1,0.2,2.5,2.6,18.7,2009,30.39,-92.33
Paul Pierce,SF,32,BOS,71,71,34,5.8,12.2,0.472,1.5,3.7,0.414,4.2,8.5,0.497,0.535,5.2,6.1,0.852,0.5,3.8,4.4,3.1,1.2,0.4,2.3,2.8,18.3,2009,42.41,-71.38
Zach Randolph,PF,28,MEM,81,81,37.7,8,16.5,0.488,0.2,0.6,0.288,7.9,15.9,0.496,0.494,4.5,5.7,0.778,4.1,7.7,11.7,1.8,1,0.4,2.1,2.8,20.8,2009,35.86,-86.66
Rajon Rondo,PG,23,BOS,81,81,36.6,5.7,11.2,0.508,0.2,1,0.213,5.5,10.2,0.536,0.517,2.2,3.5,0.621,1.2,3.2,4.4,9.8,2.3,0.1,3,2.4,13.7,2009,42.41,-71.38
Derrick Rose,PG,21,CHI,78,78,36.8,8.6,17.6,0.489,0.2,0.8,0.267,8.4,16.8,0.5,0.495,3.3,4.3,0.766,0.8,2.9,3.8,6,0.7,0.3,2.8,1.2,20.8,2009,40,-89
Brandon Roy,SG,25,POR,65,65,37.2,7.6,16,0.473,1.1,3.4,0.33,6.4,12.6,0.512,0.508,5.3,6.8,0.78,1.1,3.3,4.4,4.7,0.9,0.2,2,2.1,21.5,2009,44,-120.5
Amar'e Stoudemire,PF,27,PHO,82,82,34.6,8.6,15.4,0.557,0,0.1,0.167,8.6,15.3,0.559,0.557,5.9,7.7,0.771,2.8,6.1,8.9,1,0.6,1,2.6,3.4,23.1,2009,34.04,-111.09
Dwyane Wade,SG,28,MIA,77,77,36.3,9.3,19.6,0.476,0.9,3.2,0.3,8.4,16.5,0.509,0.5,6.9,9.1,0.761,1.4,3.5,4.8,6.5,1.8,1.1,3.3,2.4,26.6,2009,27.99,-81.76
Gerald Wallace,SF,27,CHA,76,76,41,6,12.4,0.484,0.7,1.8,0.371,5.3,10.6,0.503,0.511,5.6,7.2,0.776,2,8.1,10,2.1,1.5,1.1,2.3,2.6,18.2,2009,35.78,-80.79
Deron Williams,PG,25,UTA,76,76,36.9,6.5,13.9,0.469,1.3,3.4,0.371,5.2,10.4,0.501,0.515,4.4,5.5,0.801,0.7,3.3,4,10.5,1.3,0.2,3.3,2.7,18.7,2009,39.42,-111.95
Ray Allen,SG,35,BOS,80,80,36.1,6,12.2,0.491,2.1,4.7,0.444,3.9,7.5,0.52,0.577,2.4,2.7,0.881,0.6,2.8,3.4,2.7,1,0.2,1.5,1.8,16.5,2010,42.41,-71.38
Carmelo Anthony,SF,26,TOT,77,77,35.7,8.9,19.5,0.455,1.2,3.3,0.378,7.6,16.3,0.47,0.487,6.6,7.9,0.838,1.5,5.8,7.3,2.9,0.9,0.6,2.7,2.9,25.6,2010,47.75,-120.74
Chris Bosh,PF,26,MIA,77,77,36.3,6.8,13.7,0.496,0.1,0.3,0.24,6.7,13.4,0.502,0.499,5,6.1,0.815,1.8,6.5,8.3,1.9,0.8,0.6,1.8,2.2,18.7,2010,27.99,-81.76
Kobe Bryant,SG,32,LAL,82,82,33.9,9,20,0.451,1.4,4.3,0.323,7.6,15.6,0.487,0.487,5.9,7.1,0.828,1,4.1,5.1,4.7,1.2,0.1,3,2.1,25.3,2010,36.77,-119.41
Tim Duncan,C,34,SAS,76,76,28.4,5.5,11,0.5,0,0.1,0,5.5,11,0.502,0.5,2.4,3.4,0.716,2.2,6.7,8.9,2.7,0.7,1.9,1.6,1.6,13.4,2010,31,-100
Kevin Durant,SF,22,OKC,78,78,38.9,9.1,19.7,0.462,1.9,5.3,0.35,7.3,14.4,0.504,0.509,7.6,8.7,0.88,0.7,6.1,6.8,2.7,1.1,1,2.8,2,27.7,2010,36.08,-96.92
Kevin Garnett,PF,34,BOS,71,71,31.3,6.1,11.6,0.528,0,0.1,0.2,6.1,11.5,0.53,0.529,2.6,3.1,0.862,1.2,7.7,8.9,2.4,1.3,0.8,1.6,2.1,14.9,2010,42.41,-71.38
Pau Gasol,C,30,LAL,82,82,37,7.2,13.7,0.529,0,0,0.333,7.2,13.6,0.53,0.53,4.3,5.2,0.823,3.3,6.9,10.2,3.3,0.6,1.6,1.7,2.5,18.8,2010,36.77,-119.41
Manu Ginóbili,SG,33,SAS,80,79,30.3,5.5,12.7,0.433,1.9,5.5,0.349,3.6,7.2,0.497,0.509,4.5,5.1,0.871,0.5,3.2,3.7,4.9,1.5,0.4,2.2,2,17.4,2010,31,-100
Blake Griffin,PF,21,LAC,82,82,38,8.5,16.8,0.506,0.1,0.3,0.292,8.4,16.5,0.51,0.508,5.4,8.5,0.642,3.3,8.8,12.1,3.8,0.8,0.5,2.7,3.1,22.5,2010,36.78,-119.42
Al Horford,C,24,ATL,77,77,35.1,6.7,12,0.557,0,0.1,0.5,6.6,11.9,0.557,0.558,1.9,2.4,0.798,2.4,7,9.3,3.5,0.8,1,1.5,2.5,15.3,2010,33.25,-83.44
Dwight Howard,C,25,ORL,78,78,37.6,7.9,13.4,0.593,0,0.1,0,7.9,13.3,0.597,0.593,7,11.7,0.596,4,10.1,14.1,1.4,1.4,2.4,3.6,3.3,22.9,2010,28,-81.76
LeBron James,SF,26,MIA,79,79,38.8,9.6,18.8,0.51,1.2,3.5,0.33,8.4,15.3,0.552,0.541,6.4,8.4,0.759,1,6.5,7.5,7,1.6,0.6,3.6,2.1,26.7,2010,27.99,-81.76
Joe Johnson,SG,29,ATL,72,72,35.5,7.1,16.1,0.443,1.2,4.2,0.297,5.9,12,0.494,0.481,2.7,3.4,0.802,0.8,3.2,4,4.7,0.7,0.1,2,1.8,18.2,2010,33.25,-83.44
Kevin Love,PF,22,MIN,73,73,35.8,6.6,14.1,0.47,1.2,2.9,0.417,5.4,11.2,0.483,0.513,5.8,6.8,0.85,4.5,10.7,15.2,2.5,0.6,0.4,2.1,2,20.2,2010,46.39,-94.64
Yao Ming,C,30,HOU,5,5,18.2,3.6,7.4,0.486,0,0,,3.6,7.4,0.486,0.486,3,3.2,0.938,1.4,4,5.4,0.8,0,1.6,1.4,2.6,10.2,2010,31,-100
Dirk Nowitzki,PF,32,DAL,73,73,34.3,8.4,16.2,0.517,0.9,2.3,0.393,7.5,13.8,0.538,0.545,5.4,6.1,0.892,0.7,6.3,7,2.6,0.5,0.6,1.9,2.4,23,2010,31,-100
Chris Paul,PG,25,NOH,80,80,36,5.4,11.6,0.463,0.9,2.3,0.388,4.5,9.3,0.482,0.502,4.2,4.8,0.878,0.5,3.6,4.1,9.8,2.4,0.1,2.2,2.5,15.9,2010,30.39,-92.33
Paul Pierce,SF,33,BOS,80,80,34.7,6.3,12.8,0.497,1.4,3.7,0.374,5,9.1,0.547,0.551,4.8,5.6,0.86,0.4,5,5.4,3.3,1,0.6,2.1,2.9,18.9,2010,42.41,-71.38
Rajon Rondo,PG,24,BOS,68,68,37.2,4.7,9.9,0.475,0.1,0.6,0.233,4.5,9.2,0.491,0.482,1.1,1.9,0.568,1.3,3.1,4.4,11.2,2.3,0.2,3.4,1.8,10.6,2010,42.41,-71.38
Derrick Rose,PG,22,CHI,81,81,37.4,8.8,19.7,0.445,1.6,4.8,0.332,7.2,15,0.481,0.485,5.9,6.9,0.858,1,3.1,4.1,7.7,1,0.6,3.4,1.7,25,2010,40,-89
Amar'e Stoudemire,C,28,NYK,78,78,36.8,9.5,19,0.502,0.1,0.3,0.435,9.4,18.7,0.503,0.505,6.1,7.7,0.792,2.5,5.6,8.2,2.6,0.9,1.9,3.2,3.5,25.3,2010,43,-75
Dwyane Wade,SG,29,MIA,76,76,37.1,9.1,18.2,0.5,0.8,2.7,0.306,8.3,15.5,0.534,0.523,6.5,8.6,0.758,1.6,4.8,6.4,4.6,1.5,1.1,3.1,2.6,25.5,2010,27.99,-81.76
Russell Westbrook,PG,22,OKC,82,82,34.7,7.5,17,0.442,0.4,1.3,0.33,7.1,15.7,0.451,0.454,6.5,7.7,0.842,1.5,3.1,4.6,8.2,1.9,0.4,3.9,2.5,21.9,2010,36.08,-96.92
Deron Williams,PG,26,TOT,65,65,37.9,6.6,15,0.439,1.6,4.9,0.331,5,10.1,0.491,0.493,5.4,6.3,0.845,0.6,3.4,4,10.3,1.2,0.2,3.5,2.9,20.1,2010,47.75,-120.74
LaMarcus Aldridge,PF,26,POR,55,55,36.3,8.8,17.1,0.512,0,0.2,0.182,8.7,16.9,0.516,0.513,4.1,5,0.814,2.7,5.3,8,2.4,0.9,0.8,2,2.8,21.7,2011,44,-120.5
Carmelo Anthony,SF,27,NYK,55,55,34.1,8,18.6,0.43,1.2,3.7,0.335,6.8,14.9,0.454,0.463,5.4,6.7,0.804,1.6,4.7,6.3,3.6,1.1,0.4,2.6,2.8,22.6,2011,43,-75
Chris Bosh,PF,27,MIA,57,57,35.2,6.9,14.2,0.487,0.2,0.6,0.286,6.7,13.5,0.496,0.493,4,4.9,0.821,1.6,6.3,7.9,1.8,0.9,0.8,2.1,2.2,18,2011,27.99,-81.76
Kobe Bryant,SG,33,LAL,58,58,38.5,9.9,23,0.43,1.5,4.9,0.303,8.4,18.1,0.464,0.462,6.6,7.8,0.845,1.1,4.3,5.4,4.6,1.2,0.3,3.5,1.8,27.9,2011,36.77,-119.41
Andrew Bynum,C,24,LAL,60,60,35.2,7.4,13.3,0.558,0,0.1,0.2,7.4,13.2,0.56,0.558,3.9,5.6,0.692,3.2,8.6,11.8,1.4,0.5,1.9,2.5,1.7,18.7,2011,36.77,-119.41
Luol Deng,SF,26,CHI,54,54,39.4,5.8,14,0.412,1.5,4,0.367,4.3,10,0.43,0.464,2.4,3.1,0.77,1.4,5.1,6.5,2.9,1,0.7,1.8,1.5,15.3,2011,40,-89
Kevin Durant,SF,23,OKC,66,66,38.6,9.7,19.7,0.496,2,5.2,0.387,7.7,14.4,0.535,0.547,6.5,7.6,0.86,0.6,7.4,8,3.5,1.3,1.2,3.8,2,28,2011,36.08,-96.92
Marc Gasol,C,27,MEM,65,65,36.5,5.5,11.4,0.482,0,0.2,0.083,5.5,11.2,0.489,0.483,3.6,4.9,0.748,1.8,7.1,8.9,3.1,1,1.9,1.9,3.1,14.6,2011,35.86,-86.66
Blake Griffin,PF,22,LAC,66,66,36.2,8.5,15.5,0.549,0,0.2,0.125,8.5,15.2,0.556,0.55,3.7,7.1,0.521,3.3,7.6,10.9,3.2,0.8,0.7,2.3,3.3,20.7,2011,36.78,-119.42
Roy Hibbert,C,25,IND,65,65,29.8,5.1,10.3,0.497,0,0,0,5.1,10.3,0.498,0.497,2.6,3.7,0.711,3.3,5.5,8.8,1.7,0.5,2,2,3,12.8,2011,40.27,-86.13
Dwight Howard,C,26,ORL,54,54,38.3,7.7,13.4,0.573,0,0.1,0,7.7,13.3,0.579,0.573,5.2,10.6,0.491,3.7,10.8,14.5,1.9,1.5,2.1,3.2,2.9,20.6,2011,28,-81.76
Andre Iguodala,SF,28,PHI,62,62,35.6,4.6,10.2,0.454,1.2,3.1,0.394,3.4,7.1,0.481,0.514,2,3.2,0.617,0.9,5.2,6.1,5.5,1.7,0.5,1.9,1.5,12.4,2011,41.2,-77.19
LeBron James,SF,27,MIA,62,62,37.5,10,18.9,0.531,0.9,2.4,0.362,9.1,16.5,0.556,0.554,6.2,8.1,0.771,1.5,6.4,7.9,6.2,1.9,0.8,3.4,1.5,27.1,2011,27.99,-81.76
Joe Johnson,SG,30,ATL,60,60,35.5,7.1,15.5,0.454,2.1,5.4,0.388,5,10.2,0.489,0.521,2.6,3.1,0.849,0.9,2.8,3.7,3.9,0.8,0.2,1.9,1.3,18.8,2011,33.25,-83.44
Kevin Love,PF,23,MIN,55,55,39,8.6,19.3,0.448,1.9,5.1,0.372,6.7,14.1,0.475,0.497,6.9,8.4,0.824,4.1,9.2,13.3,2,0.9,0.5,2.3,2.8,26,2011,46.39,-94.64
Steve Nash,PG,37,PHO,62,62,31.6,4.8,9,0.532,0.9,2.3,0.39,3.9,6.7,0.58,0.581,2,2.3,0.894,0.4,2.6,3,10.7,0.6,0.1,3.7,0.9,12.5,2011,34.04,-111.09
Dirk Nowitzki,PF,33,DAL,62,62,33.5,7.6,16.7,0.457,1.3,3.4,0.368,6.4,13.3,0.481,0.495,5.1,5.7,0.896,0.7,6,6.7,2.2,0.7,0.5,1.9,2.1,21.6,2011,31,-100
Tony Parker,PG,29,SAS,60,60,32.1,7.1,14.8,0.48,0.2,1,0.23,6.9,13.8,0.498,0.488,3.8,4.7,0.799,0.4,2.5,2.9,7.7,1,0.1,2.6,1.3,18.3,2011,31,-100
Chris Paul,PG,26,LAC,60,60,36.4,7.1,14.8,0.478,1.3,3.6,0.371,5.8,11.3,0.511,0.522,4.3,5,0.861,0.7,2.9,3.6,9.1,2.5,0.1,2.1,2.3,19.8,2011,36.78,-119.42
Paul Pierce,SF,34,BOS,61,61,34,6.5,14.6,0.443,1.6,4.5,0.366,4.8,10.1,0.476,0.499,4.8,5.6,0.852,0.6,4.6,5.2,4.5,1.1,0.4,2.8,2.4,19.4,2011,42.41,-71.38
Rajon Rondo,PG,25,BOS,53,53,36.9,4.8,10.8,0.448,0.2,0.8,0.238,4.6,10,0.464,0.456,2,3.4,0.597,1.2,3.7,4.8,11.7,1.8,0.1,3.6,1.9,11.9,2011,42.41,-71.38
Derrick Rose,PG,23,CHI,39,39,35.3,7.7,17.8,0.435,1.4,4.4,0.312,6.4,13.4,0.475,0.473,5,6.1,0.812,0.7,2.7,3.4,7.9,0.9,0.7,3.1,1.3,21.8,2011,40,-89
Dwyane Wade,SG,30,MIA,49,49,33.2,8.5,17.1,0.497,0.3,1.1,0.268,8.2,15.9,0.513,0.506,4.8,6.1,0.791,1.5,3.3,4.8,4.6,1.7,1.3,2.6,2.2,22.1,2011,27.99,-81.76
Russell Westbrook,PG,23,OKC,66,66,35.3,8.8,19.2,0.457,0.9,3,0.316,7.8,16.2,0.482,0.481,5.2,6.3,0.823,1.5,3.1,4.6,5.5,1.7,0.3,3.6,2.2,23.6,2011,36.08,-96.92
Deron Williams,PG,27,NJN,55,55,36.3,7.1,17.5,0.407,2.1,6.2,0.336,5,11.3,0.446,0.467,4.7,5.5,0.843,0.4,2.9,3.3,8.7,1.2,0.4,4,2.2,21,2011,39.83,-74.87
LaMarcus Aldridge,PF,27,POR,74,74,37.7,8.6,17.8,0.484,0,0.2,0.143,8.6,17.6,0.488,0.485,3.8,4.7,0.81,2.4,6.7,9.1,2.6,0.8,1.2,1.9,2.5,21.1,2012,44,-120.5
Carmelo Anthony,PF,28,NYK,67,67,37,10,22.2,0.449,2.3,6.2,0.379,7.6,16,0.476,0.502,6.3,7.6,0.83,2,4.9,6.9,2.6,0.8,0.5,2.6,3.1,28.7,2012,43,-75
Chris Bosh,C,28,MIA,74,74,33.2,6.6,12.3,0.535,0.3,1,0.284,6.3,11.3,0.557,0.546,3.3,4.1,0.798,1.8,5,6.8,1.7,0.9,1.4,1.7,2.3,16.6,2012,27.99,-81.76
Kobe Bryant,SG,34,LAL,78,78,38.6,9.5,20.4,0.463,1.7,5.2,0.324,7.8,15.2,0.51,0.504,6.7,8,0.839,0.8,4.7,5.6,6,1.4,0.3,3.7,2.2,27.3,2012,36.77,-119.41
Tyson Chandler,C,30,NYK,66,66,32.8,3.9,6.1,0.638,0,0,,3.9,6.1,0.638,0.638,2.7,3.9,0.694,4.1,6.6,10.7,0.9,0.6,1.1,1.3,2.8,10.4,2012,43,-75
Luol Deng,SF,27,CHI,75,75,38.7,6.2,14.6,0.426,1,3.1,0.322,5.2,11.5,0.455,0.461,3.1,3.8,0.816,2.2,4.2,6.3,3,1.1,0.4,1.9,1.4,16.5,2012,40,-89
Tim Duncan,C,36,SAS,69,69,30.1,7.1,14.1,0.502,0,0.1,0.286,7.1,14,0.504,0.503,3.6,4.3,0.817,1.8,8.1,9.9,2.7,0.7,2.7,2.1,1.7,17.8,2012,31,-100
Kevin Durant,SF,24,OKC,81,81,38.5,9,17.7,0.51,1.7,4.1,0.416,7.3,13.6,0.539,0.559,8.4,9.3,0.905,0.6,7.3,7.9,4.6,1.4,1.3,3.5,1.8,28.1,2012,36.08,-96.92
Kevin Garnett,C,36,BOS,68,68,29.7,6.2,12.5,0.496,0,0.2,0.125,6.2,12.3,0.504,0.498,2.3,3,0.786,1.1,6.7,7.8,2.3,1.1,0.9,1.6,2.3,14.8,2012,42.41,-71.38
Paul George,SF,22,IND,79,79,37.6,6.2,14.9,0.419,2.2,5.9,0.362,4.1,8.9,0.457,0.491,2.8,3.5,0.807,1.1,6.5,7.6,4.1,1.8,0.6,2.9,2.9,17.4,2012,40.27,-86.13
Blake Griffin,PF,23,LAC,80,80,32.5,7.2,13.4,0.538,0.1,0.4,0.179,7.2,13.1,0.548,0.541,3.5,5.3,0.66,2.3,6,8.3,3.7,1.2,0.6,2.3,2.9,18,2012,36.78,-119.42
James Harden,SG,23,HOU,78,78,38.3,7.5,17.1,0.438,2.3,6.2,0.368,5.2,10.9,0.477,0.504,8.6,10.2,0.851,0.8,4.1,4.9,5.8,1.8,0.5,3.8,2.3,25.9,2012,31,-100
Jrue Holiday,PG,22,PHI,78,78,37.5,7.1,16.5,0.431,1.2,3.2,0.368,5.9,13.3,0.446,0.466,2.3,3.1,0.752,1.1,3.1,4.2,8,1.6,0.4,3.7,2.2,17.7,2012,41.2,-77.19
Dwight Howard,C,27,LAL,76,76,35.8,6.2,10.7,0.578,0,0.1,0.167,6.2,10.6,0.581,0.579,4.7,9.5,0.492,3.3,9.1,12.4,1.4,1.1,2.4,3,3.8,17.1,2012,36.77,-119.41
Kyrie Irving,PG,20,CLE,59,59,34.7,8.2,18.1,0.452,1.8,4.7,0.391,6.4,13.4,0.474,0.503,4.2,4.9,0.855,0.6,3.1,3.7,5.9,1.5,0.4,3.2,2.5,22.5,2012,40.37,-82.99
LeBron James,PF,28,MIA,76,76,37.9,10.1,17.8,0.565,1.4,3.3,0.406,8.7,14.5,0.602,0.603,5.3,7,0.753,1.3,6.8,8,7.3,1.7,0.9,3,1.4,26.8,2012,27.99,-81.76
David Lee,PF,29,GSW,79,79,36.8,7.6,14.7,0.519,0,0.1,0,7.6,14.6,0.521,0.519,3.2,4.1,0.797,2.8,8.5,11.2,3.5,0.8,0.3,2.6,3.1,18.5,2012,36.77,-119.41
Brook Lopez,C,24,BRK,74,74,30.4,7.7,14.8,0.521,0,0,0,7.7,14.8,0.522,0.521,4,5.3,0.758,2.8,4.1,6.9,0.9,0.4,2.1,1.8,2.1,19.4,2012,43,-75
Joakim Noah,C,27,CHI,66,64,36.8,4.6,9.5,0.481,0,0.1,0,4.6,9.5,0.485,0.481,2.7,3.6,0.751,3.9,7.2,11.1,4,1.2,2.1,2.7,2.8,11.9,2012,40,-89
Tony Parker,PG,30,SAS,66,66,32.9,7.9,15.1,0.522,0.4,1,0.353,7.5,14,0.534,0.534,4.2,5,0.845,0.3,2.7,3,7.6,0.8,0.1,2.6,1.4,20.3,2012,31,-100
Chris Paul,PG,27,LAC,70,70,33.4,5.9,12.2,0.481,1.1,3.3,0.328,4.8,8.9,0.538,0.526,4.1,4.6,0.885,0.8,3,3.7,9.7,2.4,0.1,2.3,2,16.9,2012,36.78,-119.42
Zach Randolph,PF,31,MEM,76,75,34.3,6.2,13.5,0.46,0,0.3,0.087,6.2,13.2,0.469,0.461,3,3.9,0.75,4.1,7.2,11.2,1.4,0.8,0.4,2,2.4,15.4,2012,35.86,-86.66
Rajon Rondo,PG,26,BOS,38,38,37.4,5.9,12.2,0.484,0.3,1.3,0.24,5.6,10.9,0.513,0.497,1.6,2.4,0.645,1.1,4.4,5.6,11.1,1.8,0.2,3.9,2.5,13.7,2012,42.41,-71.38
Dwyane Wade,SG,31,MIA,69,69,34.7,8.2,15.8,0.521,0.2,1,0.258,8,14.9,0.537,0.528,4.5,6.2,0.725,1.2,3.7,5,5.1,1.9,0.8,2.8,2,21.2,2012,27.99,-81.76
Russell Westbrook,PG,24,OKC,82,82,34.9,8.2,18.7,0.438,1.2,3.7,0.323,7,15.1,0.466,0.47,5.6,7,0.8,1.4,3.9,5.2,7.4,1.8,0.3,3.3,2.3,23.2,2012,36.08,-96.92
LaMarcus Aldridge,PF,28,POR,69,69,36.2,9.4,20.6,0.458,0,0.2,0.2,9.4,20.4,0.461,0.459,4.3,5.2,0.822,2.4,8.7,11.1,2.6,0.9,1,1.8,2.1,23.2,2013,44,-120.5
Carmelo Anthony,PF,29,NYK,77,77,38.7,9.6,21.3,0.452,2.2,5.4,0.402,7.5,15.9,0.469,0.503,6,7,0.848,1.9,6.2,8.1,3.1,1.2,0.7,2.6,2.9,27.4,2013,43,-75
Chris Bosh,C,29,MIA,79,79,32,6.2,12.1,0.516,0.9,2.8,0.339,5.3,9.3,0.569,0.555,2.8,3.4,0.82,1.2,5.4,6.6,1.1,1,1,1.6,2.4,16.2,2013,27.99,-81.76
Kobe Bryant,SG,35,LAL,6,6,29.5,5.2,12.2,0.425,0.5,2.7,0.188,4.7,9.5,0.491,0.445,3,3.5,0.857,0.3,4,4.3,6.3,1.2,0.2,5.7,1.5,13.8,2013,36.77,-119.41
Stephen Curry,PG,25,GSW,78,78,36.5,8.4,17.7,0.471,3.3,7.9,0.424,5,9.8,0.509,0.566,3.9,4.5,0.885,0.6,3.7,4.3,8.5,1.6,0.2,3.8,2.5,24,2013,36.77,-119.41
Anthony Davis,PF,20,NOP,67,66,35.2,7.8,15,0.519,0,0.1,0.222,7.8,14.9,0.522,0.52,5.2,6.6,0.791,3.1,7,10,1.6,1.3,2.8,1.6,3,20.8,2013,30.39,-92.33
DeMar DeRozan,SG,24,TOR,79,79,38.2,7.6,17.8,0.429,0.8,2.7,0.305,6.8,15.2,0.451,0.452,6.6,8,0.824,0.6,3.7,4.3,4,1.1,0.4,2.2,2.5,22.7,2013,43.65,-79.34
Kevin Durant,SF,25,OKC,81,81,38.5,10.5,20.8,0.503,2.4,6.1,0.391,8.1,14.8,0.549,0.56,8.7,9.9,0.873,0.7,6.7,7.4,5.5,1.3,0.7,3.5,2.1,32,2013,36.08,-96.92
Paul George,SF,23,IND,80,80,36.2,7.2,17,0.424,2.3,6.3,0.364,4.9,10.8,0.458,0.49,5,5.8,0.864,0.8,6,6.8,3.5,1.9,0.3,2.8,2.5,21.7,2013,40.27,-86.13
Blake Griffin,PF,24,LAC,80,80,35.8,9,17,0.528,0.2,0.6,0.273,8.8,16.4,0.537,0.533,6,8.4,0.715,2.4,7.1,9.5,3.9,1.2,0.6,2.8,3.3,24.1,2013,36.78,-119.42
James Harden,SG,24,HOU,73,73,38,7.5,16.5,0.456,2.4,6.6,0.366,5.1,9.9,0.515,0.529,7.9,9.1,0.866,0.8,3.9,4.7,6.1,1.6,0.4,3.6,2.4,25.4,2013,31,-100
Roy Hibbert,C,27,IND,81,81,29.7,4.1,9.3,0.439,0,0.1,0.4,4.1,9.2,0.439,0.44,2.6,3.3,0.77,2.5,4.1,6.6,1.1,0.4,2.2,1.8,3.3,10.8,2013,40.27,-86.13
Dwight Howard,C,28,HOU,71,71,33.7,6.7,11.3,0.591,0,0.1,0.286,6.6,11.2,0.594,0.593,4.9,9,0.547,3.3,8.9,12.2,1.8,0.8,1.8,3.2,3.4,18.3,2013,31,-100
Kyrie Irving,PG,21,CLE,71,71,35.2,7.5,17.4,0.43,1.7,4.8,0.358,5.8,12.6,0.458,0.48,4.1,4.8,0.861,0.7,2.9,3.6,6.1,1.5,0.3,2.7,2.3,20.8,2013,40.37,-82.99
LeBron James,PF,29,MIA,77,77,37.7,10,17.6,0.567,1.5,4,0.379,8.5,13.6,0.622,0.61,5.7,7.6,0.75,1.1,5.9,6.9,6.3,1.6,0.3,3.5,1.6,27.1,2013,27.99,-81.76
Joe Johnson,SG,32,BRK,79,79,32.6,5.8,12.9,0.454,2.1,5.1,0.401,3.8,7.8,0.489,0.533,2,2.5,0.815,0.6,2.8,3.4,2.7,0.6,0.1,1.5,1.6,15.8,2013,43,-75
Damian Lillard,PG,23,POR,82,82,35.8,6.7,15.9,0.424,2.7,6.8,0.394,4.1,9.1,0.447,0.508,4.5,5.2,0.871,0.4,3.1,3.5,5.6,0.8,0.3,2.4,2.4,20.7,2013,44,-120.5
Kevin Love,PF,25,MIN,77,77,36.3,8.4,18.5,0.457,2.5,6.6,0.376,6,11.9,0.502,0.524,6.8,8.2,0.821,2.9,9.6,12.5,4.4,0.8,0.5,2.5,1.8,26.1,2013,46.39,-94.64
Paul Millsap,PF,28,ATL,74,73,33.5,6.5,14.1,0.461,1,2.9,0.358,5.5,11.3,0.487,0.498,3.9,5.3,0.731,2.1,6.4,8.5,3.1,1.7,1.1,2.5,2.8,17.9,2013,33.25,-83.44
Joakim Noah,C,28,CHI,80,80,35.3,4.8,10,0.475,0,0,0,4.8,10,0.476,0.475,3.1,4.2,0.737,3.5,7.7,11.3,5.4,1.2,1.5,2.4,3.1,12.6,2013,40,-89
Dirk Nowitzki,PF,35,DAL,80,80,32.9,7.9,15.9,0.497,1.6,4.1,0.398,6.3,11.8,0.532,0.549,4.2,4.7,0.899,0.5,5.7,6.2,2.7,0.9,0.6,1.5,2.1,21.7,2013,31,-100
Tony Parker,PG,31,SAS,68,68,29.4,6.7,13.4,0.499,0.4,1,0.373,6.3,12.5,0.509,0.513,2.9,3.6,0.811,0.3,2,2.3,5.7,0.5,0.1,2.2,1.3,16.7,2013,31,-100
Chris Paul,PG,28,LAC,62,62,35,6.5,14,0.467,1.3,3.4,0.368,5.3,10.6,0.498,0.511,4.8,5.6,0.855,0.6,3.7,4.3,10.7,2.5,0.1,2.3,2.5,19.1,2013,36.78,-119.42
Dwyane Wade,SG,32,MIA,54,53,32.9,7.7,14.1,0.545,0.2,0.6,0.281,7.5,13.5,0.557,0.551,3.5,4.8,0.733,1.1,3.4,4.5,4.7,1.5,0.5,3,2,19,2013,27.99,-81.76
John Wall,PG,23,WAS,82,82,36.3,7.1,16.3,0.433,1.3,3.8,0.351,5.7,12.5,0.458,0.473,3.9,4.8,0.805,0.5,3.6,4.1,8.8,1.8,0.5,3.6,2.7,19.3,2013,47.75,-120.74
LaMarcus Aldridge,PF,29,POR,71,71,35.4,9.3,19.9,0.466,0.5,1.5,0.352,8.8,18.5,0.475,0.479,4.3,5.1,0.845,2.5,7.7,10.2,1.7,0.7,1,1.7,1.8,23.4,2014,44,-120.5
Carmelo Anthony,SF,30,NYK,40,40,35.7,9,20.2,0.444,1.5,4.5,0.341,7.4,15.7,0.474,0.482,4.7,5.9,0.797,1.8,4.8,6.6,3.1,1,0.4,2.2,2.2,24.2,2014,43,-75
Chris Bosh,C,30,MIA,44,44,35.4,7.8,16.9,0.46,1.4,3.8,0.375,6.4,13.1,0.485,0.503,4.1,5.3,0.772,1,6,7,2.2,0.9,0.6,2.2,1.6,21.1,2014,27.99,-81.76
Kobe Bryant,SG,36,LAL,35,35,34.5,7.6,20.4,0.373,1.5,5.3,0.293,6.1,15.1,0.401,0.411,5.6,6.9,0.813,0.7,4.9,5.7,5.6,1.3,0.2,3.7,1.9,22.3,2014,36.77,-119.41
Jimmy Butler,SG,25,CHI,65,65,38.7,6.5,14,0.462,1.1,3,0.378,5.4,11.1,0.484,0.502,5.9,7.1,0.834,1.8,4.1,5.8,3.3,1.8,0.6,1.4,1.7,20,2014,40,-89
DeMarcus Cousins,C,24,SAC,59,59,34.1,8.4,18.1,0.467,0,0.1,0.25,8.4,17.9,0.469,0.468,7.2,9.2,0.782,3.1,9.5,12.7,3.6,1.5,1.7,4.3,4.1,24.1,2014,36.77,-119.41
Stephen Curry,PG,26,GSW,80,80,32.7,8.2,16.8,0.487,3.6,8.1,0.443,4.6,8.7,0.528,0.594,3.9,4.2,0.914,0.7,3.6,4.3,7.7,2,0.2,3.1,2,23.8,2014,36.77,-119.41
Anthony Davis,PF,21,NOP,68,68,36.1,9.4,17.6,0.535,0,0.2,0.083,9.4,17.5,0.54,0.536,5.5,6.8,0.805,2.5,7.7,10.2,2.2,1.5,2.9,1.4,2.1,24.4,2014,30.39,-92.33
Tim Duncan,C,38,SAS,77,77,28.9,5.4,10.6,0.512,0,0.1,0.286,5.4,10.5,0.514,0.513,3,4,0.74,2.2,6.9,9.1,3,0.8,2,1.7,2.1,13.9,2014,31,-100
Kevin Durant,SF,26,OKC,27,27,33.8,8.8,17.3,0.51,2.4,5.9,0.403,6.4,11.4,0.565,0.578,5.4,6.3,0.854,0.6,6,6.6,4.1,0.9,0.9,2.7,1.5,25.4,2014,36.08,-96.92
Marc Gasol,C,30,MEM,81,81,33.2,6.5,13.2,0.494,0,0.2,0.176,6.5,13,0.5,0.496,4.3,5.4,0.795,1.4,6.4,7.8,3.8,0.9,1.6,2.2,2.6,17.4,2014,35.86,-86.66
Pau Gasol,PF,34,CHI,78,78,34.4,7.3,14.8,0.494,0.2,0.3,0.462,7.2,14.4,0.495,0.5,3.8,4.7,0.803,2.8,9,11.8,2.7,0.3,1.9,2,1.9,18.5,2014,40,-89
Blake Griffin,PF,25,LAC,67,67,35.2,8.6,17.1,0.502,0.1,0.4,0.4,8.4,16.7,0.504,0.506,4.6,6.4,0.728,1.9,5.7,7.6,5.3,0.9,0.5,2.3,2.9,21.9,2014,36.78,-119.42
James Harden,SG,25,HOU,81,81,36.8,8,18.1,0.44,2.6,6.9,0.375,5.4,11.3,0.48,0.511,8.8,10.2,0.868,0.9,4.7,5.7,7,1.9,0.7,4,2.6,27.4,2014,31,-100
Al Horford,C,28,ATL,76,76,30.5,6.8,12.7,0.538,0.1,0.5,0.306,6.7,12.2,0.547,0.544,1.4,1.9,0.759,1.7,5.4,7.2,3.2,0.9,1.3,1.3,1.6,15.2,2014,33.25,-83.44
Kyrie Irving,PG,22,CLE,75,75,36.4,7.7,16.5,0.468,2.1,5,0.415,5.6,11.4,0.491,0.532,4.2,4.9,0.863,0.7,2.4,3.2,5.2,1.5,0.3,2.5,1.9,21.7,2014,40.37,-82.99
LeBron James,SF,30,CLE,69,69,36.1,9,18.5,0.488,1.7,4.9,0.354,7.3,13.6,0.536,0.535,5.4,7.7,0.71,0.7,5.3,6,7.4,1.6,0.7,3.9,2,25.3,2014,40.37,-82.99
Kyle Korver,SG,33,ATL,75,75,32.2,3.9,8,0.487,2.9,6,0.492,0.9,2,0.47,0.671,1.4,1.6,0.898,0.2,3.9,4.1,2.6,0.7,0.6,1.4,1.9,12.1,2014,33.25,-83.44
Damian Lillard,PG,24,POR,82,82,35.7,7.2,16.6,0.434,2.4,7,0.343,4.8,9.6,0.5,0.506,4.2,4.9,0.864,0.6,4,4.6,6.2,1.2,0.3,2.7,2,21,2014,44,-120.5
Kyle Lowry,PG,28,TOR,70,70,34.5,6.1,14.9,0.412,1.9,5.6,0.338,4.3,9.3,0.457,0.476,3.6,4.5,0.808,0.8,3.9,4.7,6.8,1.6,0.2,2.5,3,17.8,2014,43.65,-79.34
Paul Millsap,PF,29,ATL,73,73,32.7,6.1,12.7,0.476,1.1,3,0.356,5,9.8,0.513,0.518,3.5,4.6,0.757,1.9,5.9,7.8,3.1,1.8,0.9,2.3,2.8,16.7,2014,33.25,-83.44
Dirk Nowitzki,PF,36,DAL,77,77,29.6,6.3,13.8,0.459,1.4,3.6,0.38,5,10.2,0.486,0.508,3.3,3.8,0.882,0.6,5.4,5.9,1.9,0.5,0.4,1.1,2.1,17.3,2014,31,-100
Chris Paul,PG,29,LAC,82,82,34.8,6.9,14.3,0.485,1.7,4.3,0.398,5.2,10,0.523,0.545,3.5,3.9,0.9,0.6,4,4.6,10.2,1.9,0.2,2.3,2.5,19.1,2014,36.78,-119.42
Jeff Teague,PG,26,ATL,73,72,30.5,5.6,12.2,0.46,1,2.8,0.343,4.6,9.3,0.496,0.5,3.8,4.4,0.862,0.4,2.1,2.5,7,1.7,0.4,2.8,1.9,15.9,2014,33.25,-83.44
Klay Thompson,SG,24,GSW,77,77,31.9,7.8,16.9,0.463,3.1,7.1,0.439,4.7,9.8,0.481,0.555,2.9,3.3,0.879,0.4,2.9,3.2,2.9,1.1,0.8,1.9,1.6,21.7,2014,36.77,-119.41
Dwyane Wade,SG,33,MIA,62,62,31.8,8.2,17.5,0.47,0.5,1.6,0.284,7.7,15.8,0.489,0.483,4.6,6,0.768,0.9,2.6,3.5,4.8,1.2,0.3,3.4,1.7,21.5,2014,27.99,-81.76
John Wall,PG,24,WAS,79,79,35.9,6.6,14.8,0.445,0.8,2.7,0.3,5.7,12,0.478,0.473,3.6,4.6,0.785,0.5,4.2,4.6,10,1.7,0.6,3.8,2.3,17.6,2014,47.75,-120.74
Russell Westbrook,PG,26,OKC,67,67,34.4,9.4,22,0.426,1.3,4.3,0.299,8.1,17.7,0.457,0.455,8.1,9.8,0.835,1.9,5.4,7.3,8.6,2.1,0.2,4.4,2.7,28.1,2014,36.08,-96.92
LaMarcus Aldridge,PF,30,SAS,74,74,30.6,7.2,14.1,0.513,0,0.2,0,7.2,13.9,0.521,0.513,3.5,4.1,0.858,2.4,6.2,8.5,1.5,0.5,1.1,1.3,2,18,2015,31,-100
Carmelo Anthony,SF,31,NYK,72,72,35.1,7.9,18.2,0.434,1.5,4.3,0.339,6.4,13.8,0.463,0.474,4.6,5.6,0.829,1.4,6.4,7.7,4.2,0.9,0.5,2.4,2.5,21.8,2015,43,-75
Chris Bosh,PF,31,MIA,53,53,33.5,6.8,14.5,0.467,1.5,4.2,0.365,5.2,10.3,0.508,0.52,4,5.1,0.795,0.9,6.5,7.4,2.4,0.7,0.6,1.5,1.9,19.1,2015,27.99,-81.76
Kobe Bryant,SF,37,LAL,66,66,28.2,6,16.9,0.358,2,7.1,0.285,4,9.8,0.41,0.417,3.5,4.3,0.826,0.6,3.1,3.7,2.8,0.9,0.2,2,1.7,17.6,2015,36.77,-119.41
Jimmy Butler,SG,26,CHI,67,67,36.9,7,15.4,0.454,1,3.1,0.312,6.1,12.4,0.489,0.485,5.9,7.1,0.832,1.2,4.2,5.3,4.8,1.6,0.6,2,1.9,20.9,2015,40,-89
DeMarcus Cousins,C,25,SAC,65,65,34.6,9.2,20.5,0.451,1.1,3.2,0.333,8.2,17.3,0.473,0.477,7.3,10.2,0.718,2.4,9.1,11.5,3.3,1.6,1.4,3.8,3.6,26.9,2015,36.77,-119.41
Stephen Curry,PG,27,GSW,79,79,34.2,10.2,20.2,0.504,5.1,11.2,0.454,5.1,9,0.566,0.63,4.6,5.1,0.908,0.9,4.6,5.4,6.7,2.1,0.2,3.3,2,30.1,2015,36.77,-119.41
Anthony Davis,C,22,NOP,61,61,35.5,9.2,18.6,0.493,0.6,1.8,0.324,8.6,16.9,0.511,0.508,5.3,7,0.758,2.1,8.1,10.3,1.9,1.3,2,2,2.4,24.3,2015,30.39,-92.33
DeMar DeRozan,SG,26,TOR,78,78,35.9,7.9,17.7,0.446,0.6,1.8,0.338,7.3,15.9,0.458,0.463,7.1,8.4,0.85,0.8,3.7,4.5,4,1,0.3,2.2,2.1,23.5,2015,43.65,-79.34
Andre Drummond,C,22,DET,81,81,32.9,6.8,13.1,0.521,0,0.1,0.333,6.8,13,0.522,0.522,2.6,7.2,0.355,4.9,9.9,14.8,0.8,1.5,1.4,1.9,3,16.2,2015,44.18,-84.51
Kevin Durant,SF,27,OKC,72,72,35.8,9.7,19.2,0.505,2.6,6.7,0.387,7.1,12.5,0.569,0.573,6.2,6.9,0.898,0.6,7.6,8.2,5,1,1.2,3.5,1.9,28.2,2015,36.08,-96.92
Pau Gasol,C,35,CHI,72,72,31.8,6.5,13.8,0.469,0.3,1,0.348,6.2,12.9,0.478,0.481,3.2,4,0.792,2.2,8.9,11,4.1,0.6,2,2.3,2.1,16.5,2015,40,-89
Paul George,SF,25,IND,81,81,34.8,7.5,17.9,0.418,2.6,7,0.371,4.9,10.9,0.447,0.49,5.6,6.5,0.86,1,6,7,4.1,1.9,0.4,3.3,2.8,23.1,2015,40.27,-86.13
Draymond Green,PF,25,GSW,81,81,34.7,5,10.1,0.49,1.2,3.2,0.388,3.7,6.9,0.537,0.551,2.8,4.1,0.696,1.7,7.8,9.5,7.4,1.5,1.4,3.2,3,14,2015,36.77,-119.41
James Harden,SG,26,HOU,82,82,38.1,8.7,19.7,0.439,2.9,8,0.359,5.8,11.7,0.494,0.512,8.8,10.2,0.86,0.8,5.3,6.1,7.5,1.7,0.6,4.6,2.8,29,2015,31,-100
Al Horford,C,29,ATL,82,82,32.1,6.5,12.8,0.505,1.1,3.1,0.344,5.4,9.7,0.557,0.547,1.3,1.6,0.798,1.8,5.5,7.3,3.2,0.8,1.5,1.3,2,15.2,2015,33.25,-83.44
LeBron James,SF,31,CLE,76,76,35.6,9.7,18.6,0.52,1.1,3.7,0.309,8.6,14.9,0.573,0.551,4.7,6.5,0.731,1.5,6,7.4,6.8,1.4,0.6,3.3,1.9,25.3,2015,40.37,-82.99
Kawhi Leonard,SF,24,SAS,72,72,33.1,7.7,15.1,0.506,1.8,4,0.443,5.9,11.1,0.528,0.565,4.1,4.6,0.874,1.3,5.5,6.8,2.6,1.8,1,1.5,1.8,21.2,2015,31,-100
Kyle Lowry,PG,29,TOR,77,77,37,6.6,15.6,0.427,2.8,7.1,0.388,3.9,8.5,0.461,0.516,5.2,6.4,0.811,0.7,4,4.7,6.4,2.1,0.4,2.9,2.7,21.2,2015,43.65,-79.34
Paul Millsap,PF,30,ATL,81,81,32.7,6.2,13.2,0.47,0.9,2.9,0.319,5.3,10.3,0.512,0.505,3.8,5,0.757,2.4,6.6,9,3.3,1.8,1.7,2.4,2.9,17.1,2015,33.25,-83.44
Chris Paul,PG,30,LAC,74,74,32.7,7,15.1,0.462,1.6,4.4,0.371,5.3,10.6,0.501,0.517,4,4.4,0.896,0.5,3.7,4.2,10,2.1,0.2,2.6,2.5,19.5,2015,36.78,-119.42
Isaiah Thomas,PG,26,BOS,82,79,32.2,7.2,16.9,0.428,2,5.7,0.359,5.2,11.2,0.462,0.488,5.8,6.6,0.871,0.6,2.4,3,6.2,1.1,0.1,2.7,2,22.2,2015,42.41,-71.38
Klay Thompson,SG,25,GSW,80,80,33.3,8.1,17.3,0.47,3.5,8.1,0.425,4.7,9.2,0.51,0.569,2.4,2.8,0.873,0.4,3.4,3.8,2.1,0.8,0.6,1.7,1.9,22.1,2015,36.77,-119.41
Dwyane Wade,SG,34,MIA,74,73,30.5,7.3,16,0.456,0.1,0.6,0.159,7.2,15.4,0.468,0.459,4.4,5.5,0.793,1.1,3,4.1,4.6,1.1,0.6,2.7,1.6,19,2015,27.99,-81.76
John Wall,PG,25,WAS,77,77,36.2,7.4,17.5,0.424,1.5,4.3,0.351,5.9,13.3,0.448,0.467,3.5,4.5,0.791,0.5,4.4,4.9,10.2,1.9,0.8,4.1,2.1,19.9,2015,47.75,-120.74
Russell Westbrook,PG,27,OKC,80,80,34.4,8.2,18.1,0.454,1.3,4.3,0.296,6.9,13.8,0.503,0.489,5.8,7.2,0.812,1.8,6,7.8,10.4,2,0.3,4.3,2.5,23.5,2015,36.08,-96.92
Giannis Antetokounmpo,SF,22,MIL,80,80,35.6,8.2,15.7,0.521,0.6,2.3,0.272,7.6,13.5,0.563,0.541,5.9,7.7,0.77,1.8,7,8.8,5.4,1.6,1.9,2.9,3.1,22.9,2016,44.5,-89.5
Carmelo Anthony,SF,32,NYK,74,74,34.3,8.1,18.8,0.433,2,5.7,0.359,6.1,13.1,0.466,0.488,4.1,4.9,0.833,0.8,5.1,5.9,2.9,0.8,0.5,2.1,2.7,22.4,2016,43,-75
Jimmy Butler,SF,27,CHI,76,75,37,7.5,16.5,0.455,1.2,3.3,0.367,6.3,13.2,0.477,0.492,7.7,8.9,0.865,1.7,4.5,6.2,5.5,1.9,0.4,2.1,1.5,23.9,2016,40,-89
DeMarcus Cousins,C,26,TOT,72,72,34.2,9,19.9,0.452,1.8,5,0.361,7.2,14.8,0.483,0.498,7.2,9.3,0.772,2.1,8.9,11,4.6,1.4,1.3,3.7,3.9,27,2016,47.75,-120.74
Stephen Curry,PG,28,GSW,79,79,33.4,8.5,18.3,0.468,4.1,10,0.411,4.4,8.3,0.537,0.58,4.1,4.6,0.898,0.8,3.7,4.5,6.6,1.8,0.2,3,2.3,25.3,2016,36.77,-119.41
Anthony Davis,C,23,NOP,75,75,36.1,10.3,20.3,0.505,0.5,1.8,0.299,9.7,18.6,0.524,0.518,6.9,8.6,0.802,2.3,9.5,11.8,2.1,1.3,2.2,2.4,2.2,28,2016,30.39,-92.33
DeMar DeRozan,SG,27,TOR,74,74,35.4,9.7,20.9,0.467,0.4,1.7,0.266,9.3,19.2,0.484,0.477,7.4,8.7,0.842,0.9,4.3,5.2,3.9,1.1,0.2,2.4,1.8,27.3,2016,43.65,-79.34
Kevin Durant,PF,28,GSW,62,62,33.4,8.9,16.5,0.537,1.9,5,0.375,7,11.5,0.608,0.594,5.4,6.2,0.875,0.6,7.6,8.3,4.8,1.1,1.6,2.2,1.9,25.1,2016,36.77,-119.41
Marc Gasol,C,32,MEM,74,74,34.2,7.2,15.7,0.459,1.4,3.6,0.388,5.8,12.1,0.48,0.503,3.8,4.5,0.837,0.8,5.5,6.3,4.6,0.9,1.3,2.2,2.3,19.5,2016,35.86,-86.66
Paul George,SF,26,IND,75,75,35.9,8.3,18,0.461,2.6,6.6,0.393,5.7,11.4,0.501,0.534,4.5,5,0.898,0.8,5.8,6.6,3.3,1.6,0.4,2.9,2.7,23.7,2016,40.27,-86.13
Draymond Green,PF,26,GSW,76,76,32.5,3.6,8.6,0.418,1.1,3.5,0.308,2.5,5.1,0.494,0.481,2,2.8,0.709,1.3,6.6,7.9,7,2,1.4,2.4,2.9,10.2,2016,36.77,-119.41
James Harden,PG,27,HOU,81,81,36.4,8.3,18.9,0.44,3.2,9.3,0.347,5.1,9.6,0.53,0.525,9.2,10.9,0.847,1.2,7,8.1,11.2,1.5,0.5,5.7,2.7,29.1,2016,31,-100
Gordon Hayward,SF,26,UTA,73,73,34.5,7.5,15.8,0.471,2,5.1,0.398,5.4,10.7,0.506,0.536,5,5.9,0.844,0.7,4.7,5.4,3.5,1,0.3,1.9,1.6,21.9,2016,39.42,-111.95
Kyrie Irving,PG,24,CLE,72,72,35.1,9.3,19.7,0.473,2.5,6.1,0.401,6.9,13.6,0.505,0.535,4.1,4.6,0.905,0.7,2.5,3.2,5.8,1.2,0.3,2.5,2.2,25.2,2016,40.37,-82.99
LeBron James,SF,32,CLE,74,74,37.8,9.9,18.2,0.548,1.7,4.6,0.363,8.3,13.5,0.611,0.594,4.8,7.2,0.674,1.3,7.3,8.6,8.7,1.2,0.6,4.1,1.8,26.4,2016,40.37,-82.99
DeAndre Jordan,C,28,LAC,81,81,31.7,5.1,7.1,0.714,0,0,0,5.1,7.1,0.717,0.714,2.5,5.2,0.482,3.7,10.1,13.8,1.2,0.6,1.7,1.4,2.6,12.7,2016,36.78,-119.42
Kawhi Leonard,SF,25,SAS,74,74,33.4,8.6,17.7,0.485,2,5.2,0.38,6.6,12.5,0.529,0.541,6.3,7.2,0.88,1.1,4.7,5.8,3.5,1.8,0.7,2.1,1.6,25.5,2016,31,-100
Kevin Love,PF,28,CLE,60,60,31.4,6.2,14.5,0.427,2.4,6.5,0.373,3.8,8,0.471,0.51,4.3,4.9,0.871,2.5,8.6,11.1,1.9,0.9,0.4,2,2.1,19,2016,40.37,-82.99
Kyle Lowry,PG,30,TOR,60,60,37.4,7.1,15.3,0.464,3.2,7.8,0.412,3.9,7.5,0.518,0.569,5,6.1,0.819,0.8,4,4.8,7,1.5,0.3,2.9,2.8,22.4,2016,43.65,-79.34
Paul Millsap,PF,31,ATL,69,67,34,6.2,14.1,0.442,1.1,3.5,0.311,5.1,10.6,0.486,0.481,4.5,5.9,0.768,1.6,6.1,7.7,3.7,1.3,0.9,2.3,2.7,18.1,2016,33.25,-83.44
Isaiah Thomas,PG,27,BOS,76,76,33.8,9,19.4,0.463,3.2,8.5,0.379,5.8,10.9,0.528,0.546,7.8,8.5,0.909,0.6,2.1,2.7,5.9,0.9,0.2,2.8,2.2,28.9,2016,42.41,-71.38
Klay Thompson,SG,26,GSW,78,78,34,8.3,17.6,0.468,3.4,8.3,0.414,4.8,9.3,0.516,0.565,2.4,2.8,0.853,0.6,3,3.7,2.1,0.8,0.5,1.6,1.8,22.3,2016,36.77,-119.41
Kemba Walker,PG,26,CHO,79,79,34.7,8.1,18.3,0.444,3,7.6,0.399,5.1,10.7,0.476,0.527,3.8,4.5,0.847,0.6,3.3,3.9,5.5,1.1,0.3,2.1,1.5,23.2,2016,35.78,-80.79
John Wall,PG,26,WAS,78,78,36.4,8.3,18.4,0.451,1.1,3.5,0.327,7.2,14.9,0.48,0.482,5.4,6.8,0.801,0.8,3.4,4.2,10.7,2,0.6,4.1,1.9,23.1,2016,47.75,-120.74
Russell Westbrook,PG,28,OKC,81,81,34.6,10.2,24,0.425,2.5,7.2,0.343,7.7,16.8,0.459,0.476,8.8,10.4,0.845,1.7,9,10.7,10.4,1.6,0.4,5.4,2.3,31.6,2016,36.08,-96.92
LaMarcus Aldridge,C,32,SAS,75,75,33.5,9.2,18,0.51,0.4,1.2,0.293,8.8,16.7,0.526,0.52,4.5,5.3,0.837,3.3,5.2,8.5,2,0.6,1.2,1.5,2.1,23.1,2017,31,-100
Giannis Antetokounmpo,PF,23,MIL,75,75,36.7,9.9,18.7,0.529,0.6,1.9,0.307,9.3,16.8,0.554,0.545,6.5,8.5,0.76,2.1,8,10,4.8,1.5,1.4,3,3.1,26.9,2017,44.5,-89.5
Bradley Beal,SG,24,WAS,82,82,36.3,8.3,18.1,0.46,2.4,6.5,0.375,5.9,11.6,0.507,0.527,3.6,4.5,0.791,0.7,3.7,4.4,4.5,1.2,0.4,2.6,2,22.6,2017,47.75,-120.74
Jimmy Butler,SG,28,MIN,59,59,36.7,7.4,15.6,0.474,1.2,3.4,0.35,6.2,12.2,0.509,0.512,6.2,7.2,0.854,1.3,4,5.3,4.9,2,0.4,1.8,1.3,22.2,2017,46.39,-94.64
DeMarcus Cousins,C,27,NOP,48,48,36.2,8.5,18,0.47,2.2,6.1,0.354,6.3,11.9,0.53,0.53,6.1,8.2,0.746,2.2,10.7,12.9,5.4,1.6,1.6,5,3.8,25.2,2017,30.39,-92.33
Stephen Curry,PG,29,GSW,51,51,32,8.4,16.9,0.495,4.2,9.8,0.423,4.2,7.1,0.595,0.618,5.5,5.9,0.921,0.7,4.4,5.1,6.1,1.6,0.2,3,2.2,26.4,2017,36.77,-119.41
Anthony Davis,PF,24,NOP,75,75,36.4,10.4,19.5,0.534,0.7,2.2,0.34,9.7,17.3,0.558,0.552,6.6,8,0.828,2.5,8.6,11.1,2.3,1.5,2.6,2.2,2.1,28.1,2017,30.39,-92.33
DeMar DeRozan,SG,28,TOR,80,80,33.9,8.1,17.7,0.456,1.1,3.6,0.31,7,14.1,0.494,0.488,5.8,7,0.825,0.7,3.2,3.9,5.2,1.1,0.3,2.2,1.9,23,2017,43.65,-79.34
Goran Dragić,PG,31,MIA,75,75,31.7,6.5,14.3,0.45,1.5,4,0.37,5,10.3,0.481,0.502,2.9,3.6,0.801,0.7,3.4,4.1,4.8,0.8,0.2,2.2,2.4,17.3,2017,27.99,-81.76
Andre Drummond,C,24,DET,78,78,33.7,6,11.3,0.529,0,0.1,0,6,11.2,0.536,0.529,3.1,5.1,0.605,5.1,10.9,16,3,1.5,1.6,2.6,3.2,15,2017,44.18,-84.51
Kevin Durant,SF,29,GSW,68,68,34.2,9.3,18,0.516,2.5,6.1,0.419,6.7,11.9,0.565,0.586,5.3,5.9,0.889,0.5,6.4,6.8,5.4,0.7,1.8,3,2,26.4,2017,36.77,-119.41
Joel Embiid,C,23,PHI,63,63,30.3,8.1,16.8,0.483,1,3.4,0.308,7,13.4,0.527,0.514,5.7,7.4,0.769,2.3,8.7,11,3.2,0.6,1.8,3.7,3.3,22.9,2017,41.2,-77.19
Paul George,SF,27,OKC,79,79,36.6,7.3,17,0.43,3.1,7.7,0.401,4.2,9.3,0.454,0.521,4.3,5.2,0.822,0.9,4.7,5.7,3.3,2,0.5,2.7,2.9,21.9,2017,36.08,-96.92
Draymond Green,PF,27,GSW,70,70,32.7,4,8.8,0.454,1.1,3.7,0.301,2.9,5.2,0.562,0.516,1.9,2.5,0.775,1.1,6.6,7.6,7.3,1.4,1.3,2.9,2.6,11,2017,36.77,-119.41
James Harden,SG,28,HOU,72,72,35.4,9,20.1,0.449,3.7,10,0.367,5.4,10.1,0.531,0.541,8.7,10.1,0.858,0.6,4.8,5.4,8.8,1.8,0.7,4.4,2.3,30.4,2017,31,-100
Al Horford,C,31,BOS,72,72,31.6,5.1,10.5,0.489,1.3,3.1,0.429,3.8,7.3,0.514,0.553,1.3,1.7,0.783,1.4,5.9,7.4,4.7,0.6,1.1,1.8,1.9,12.9,2017,42.41,-71.38
Kyrie Irving,PG,25,BOS,60,60,32.2,8.9,18.1,0.491,2.8,6.8,0.408,6.1,11.3,0.541,0.568,3.9,4.4,0.889,0.6,3.2,3.8,5.1,1.1,0.3,2.3,2,24.4,2017,42.41,-71.38
LeBron James,PF,33,CLE,82,82,36.9,10.5,19.3,0.542,1.8,5,0.367,8.6,14.3,0.603,0.59,4.7,6.5,0.731,1.2,7.5,8.6,9.1,1.4,0.9,4.2,1.7,27.5,2017,40.37,-82.99
Damian Lillard,PG,27,POR,73,73,36.6,8.5,19.4,0.439,3.1,8.6,0.361,5.4,10.8,0.501,0.519,6.8,7.4,0.916,0.8,3.6,4.5,6.6,1.1,0.4,2.8,1.6,26.9,2017,44,-120.5
Kevin Love,C,29,CLE,59,59,28,5.7,12.4,0.458,2.3,5.6,0.415,3.3,6.8,0.494,0.552,4,4.5,0.88,1.7,7.5,9.3,1.7,0.7,0.4,1.5,2,17.6,2017,40.37,-82.99
Kyle Lowry,PG,31,TOR,78,78,32.2,5.2,12.1,0.427,3.1,7.6,0.399,2.1,4.5,0.474,0.553,2.9,3.3,0.854,0.8,4.7,5.6,6.9,1.1,0.2,2.3,2.5,16.2,2017,43.65,-79.34
Victor Oladipo,SG,25,IND,75,75,34,8.5,17.9,0.477,2.1,5.8,0.371,6.4,12.1,0.528,0.537,3.9,4.9,0.799,0.6,4.6,5.2,4.3,2.4,0.8,2.9,2.3,23.1,2017,40.27,-86.13
Kristaps Porziņģis,PF,22,NYK,48,48,32.4,8.1,18.5,0.439,1.9,4.8,0.395,6.3,13.8,0.454,0.489,4.5,5.7,0.793,1.3,5.3,6.6,1.2,0.8,2.4,1.9,2.9,22.7,2017,43,-75
Klay Thompson,SG,27,GSW,73,73,34.3,7.9,16.2,0.488,3.1,7.1,0.44,4.7,9,0.526,0.585,1.1,1.3,0.837,0.4,3.4,3.8,2.5,0.8,0.5,1.8,1.6,20,2017,36.77,-119.41
Karl-Anthony Towns,C,22,MIN,82,82,35.6,7.8,14.3,0.545,1.5,3.5,0.421,6.3,10.8,0.585,0.596,4.2,4.9,0.858,2.9,9.4,12.3,2.4,0.8,1.4,1.9,3.5,21.3,2017,46.39,-94.64
Kemba Walker,PG,27,CHO,80,80,34.2,7.4,17,0.431,2.9,7.5,0.384,4.5,9.5,0.469,0.516,4.5,5.3,0.864,0.4,2.7,3.1,5.6,1.1,0.3,2.2,1.2,22.1,2017,35.78,-80.79
John Wall,PG,27,WAS,41,41,34.4,6.8,16.3,0.42,1.5,4.1,0.371,5.3,12.2,0.436,0.466,4.3,5.9,0.726,0.5,3.1,3.7,9.6,1.4,1.1,3.9,2,19.4,2017,47.75,-120.74
Russell Westbrook,PG,29,OKC,80,80,36.4,9.5,21.1,0.449,1.2,4.1,0.298,8.3,17,0.485,0.477,5.2,7.1,0.737,1.9,8.2,10.1,10.3,1.8,0.3,4.8,2.5,25.4,2017,36.08,-96.92
LaMarcus Aldridge,C,33,SAS,81,81,33.2,8.4,16.3,0.519,0.1,0.5,0.238,8.3,15.8,0.528,0.522,4.3,5.1,0.847,3.1,6.1,9.2,2.4,0.5,1.3,1.8,2.2,21.3,2018,31,-100
Giannis Antetokounmpo,PF,24,MIL,72,72,32.8,10,17.3,0.578,0.7,2.8,0.256,9.3,14.5,0.641,0.599,6.9,9.5,0.729,2.2,10.3,12.5,5.9,1.3,1.5,3.7,3.2,27.7,2018,44.5,-89.5
Bradley Beal,SG,25,WAS,82,82,36.9,9.3,19.6,0.475,2.5,7.3,0.351,6.8,12.4,0.548,0.54,4.4,5.5,0.808,1.1,3.9,5,5.5,1.5,0.7,2.7,2.8,25.6,2018,47.75,-120.74
Stephen Curry,PG,30,GSW,69,69,33.8,9.2,19.4,0.472,5.1,11.7,0.437,4,7.7,0.525,0.604,3.8,4.2,0.916,0.7,4.7,5.3,5.2,1.3,0.4,2.8,2.4,27.3,2018,36.77,-119.41
Anthony Davis,C,25,NOP,56,56,33,9.5,18.3,0.517,0.9,2.6,0.331,8.6,15.7,0.547,0.54,6.1,7.7,0.794,3.1,8.9,12,3.9,1.6,2.4,2,2.4,25.9,2018,30.39,-92.33
Kevin Durant,SF,30,GSW,78,78,34.6,9.2,17.7,0.521,1.8,5,0.353,7.5,12.8,0.587,0.571,5.7,6.5,0.885,0.4,5.9,6.4,5.9,0.7,1.1,2.9,2,26,2018,36.77,-119.41
Joel Embiid,C,24,PHI,64,64,33.7,9.1,18.7,0.484,1.2,4.1,0.3,7.8,14.6,0.535,0.517,8.2,10.1,0.804,2.5,11.1,13.6,3.7,0.7,1.9,3.5,3.3,27.5,2018,41.2,-77.19
Paul George,SF,28,OKC,77,77,36.9,9.2,21,0.438,3.8,9.8,0.386,5.4,11.1,0.484,0.529,5.9,7,0.839,1.4,6.8,8.2,4.1,2.2,0.4,2.7,2.8,28,2018,36.08,-96.92
Blake Griffin,PF,29,DET,75,75,35,8.3,17.9,0.462,2.5,7,0.362,5.7,10.9,0.525,0.532,5.5,7.3,0.753,1.3,6.2,7.5,5.4,0.7,0.4,3.4,2.7,24.5,2018,44.18,-84.51
James Harden,PG,29,HOU,78,78,36.8,10.8,24.5,0.442,4.8,13.2,0.368,6,11.3,0.528,0.541,9.7,11,0.879,0.8,5.8,6.6,7.5,2,0.7,5,3.1,36.1,2018,31,-100
Kyrie Irving,PG,26,BOS,67,67,33,9,18.5,0.487,2.6,6.5,0.401,6.4,12,0.533,0.557,3.2,3.7,0.873,1.1,3.9,5,6.9,1.5,0.5,2.6,2.5,23.8,2018,42.41,-71.38
LeBron James,SF,34,LAL,55,55,35.2,10.1,19.9,0.51,2,5.9,0.339,8.1,14,0.582,0.56,5.1,7.6,0.665,1,7.4,8.5,8.3,1.3,0.6,3.6,1.7,27.4,2018,36.77,-119.41
Nikola Jokić,C,23,DEN,80,80,31.3,7.7,15.1,0.511,1,3.4,0.307,6.7,11.7,0.569,0.545,3.6,4.4,0.821,2.9,8,10.8,7.3,1.4,0.7,3.1,2.9,20.1,2018,39.11,-105.36
Kawhi Leonard,SF,27,TOR,60,60,34,9.3,18.8,0.496,1.9,5,0.371,7.5,13.8,0.542,0.546,6.1,7.1,0.854,1.3,6,7.3,3.3,1.8,0.4,2,1.5,26.6,2018,43.65,-79.34
Damian Lillard,PG,28,POR,80,80,35.5,8.5,19.2,0.444,3,8,0.369,5.6,11.1,0.499,0.522,5.9,6.4,0.912,0.9,3.8,4.6,6.9,1.1,0.4,2.7,1.9,25.8,2018,44,-120.5
Kyle Lowry,PG,32,TOR,65,65,34,4.7,11.4,0.411,2.4,7,0.347,2.3,4.4,0.514,0.518,2.5,3,0.83,0.6,4.2,4.8,8.7,1.4,0.5,2.8,2.6,14.2,2018,43.65,-79.34
Khris Middleton,SF,27,MIL,77,77,31.1,6.6,14.9,0.441,2.3,6.2,0.378,4.2,8.8,0.485,0.519,2.8,3.4,0.837,0.6,5.3,6,4.3,1,0.1,2.3,2.2,18.3,2018,44.5,-89.5
Dirk Nowitzki,PF,40,DAL,51,20,15.6,2.6,7.4,0.359,1.3,4,0.312,1.4,3.4,0.415,0.444,0.8,1,0.78,0.1,3,3.1,0.7,0.2,0.4,0.4,1.5,7.3,2018,31,-100
Victor Oladipo,SG,26,IND,36,36,31.9,6.9,16.3,0.423,2.1,6,0.343,4.9,10.3,0.47,0.486,2.9,3.9,0.73,0.6,5,5.6,5.2,1.7,0.3,2.3,2,18.8,2018,40.27,-86.13
D'Angelo Russell,PG,22,BRK,81,81,30.2,8.1,18.7,0.434,2.9,7.8,0.369,5.2,10.9,0.482,0.512,2,2.5,0.78,0.7,3.2,3.9,7,1.2,0.2,3.1,1.7,21.1,2018,43,-75
Ben Simmons,PG,22,PHI,79,79,34.2,6.8,12.2,0.563,0,0.1,0,6.8,12.1,0.566,0.563,3.3,5.4,0.6,2.2,6.6,8.8,7.7,1.4,0.8,3.5,2.6,16.9,2018,41.2,-77.19
Klay Thompson,SG,28,GSW,78,78,34,8.4,18,0.467,3.1,7.7,0.402,5.3,10.3,0.516,0.553,1.7,2,0.816,0.5,3.4,3.8,2.4,1.1,0.6,1.5,2,21.5,2018,36.77,-119.41
Karl-Anthony Towns,C,23,MIN,77,77,33.1,8.8,17.1,0.518,1.8,4.6,0.4,7,12.5,0.562,0.572,4.9,5.8,0.836,3.4,9,12.4,3.4,0.9,1.6,3.1,3.8,24.4,2018,46.39,-94.64
Nikola Vučević,C,28,ORL,80,80,31.4,8.8,16.9,0.518,1.1,2.9,0.364,7.7,14,0.549,0.549,2.2,2.8,0.789,2.8,9.2,12,3.8,1,1.1,2,2,20.8,2018,28,-81.76
Dwyane Wade,SG,37,MIA,72,2,26.2,5.8,13.3,0.433,1.2,3.6,0.33,4.6,9.7,0.472,0.478,2.3,3.2,0.708,1,3,4,4.2,0.8,0.5,2.3,1.6,15,2018,27.99,-81.76
Kemba Walker,PG,28,CHO,82,82,34.9,8.9,20.5,0.434,3.2,8.9,0.356,5.7,11.6,0.494,0.511,4.6,5.5,0.844,0.6,3.8,4.4,5.9,1.2,0.4,2.6,1.6,25.6,2018,35.78,-80.79
Russell Westbrook,PG,30,OKC,73,73,36,8.6,20.2,0.428,1.6,5.6,0.29,7,14.5,0.481,0.468,4.1,6.2,0.656,1.5,9.6,11.1,10.7,1.9,0.5,4.5,3.4,22.9,2018,36.08,-96.92
Bam Adebayo,PF,22,MIA,72,72,33.6,6.1,11,0.557,0,0.2,0.143,6.1,10.8,0.564,0.558,3.7,5.3,0.691,2.4,7.8,10.2,5.1,1.1,1.3,2.8,2.5,15.9,2019,27.99,-81.76
Giannis Antetokounmpo,PF,25,MIL,63,63,30.4,10.9,19.7,0.553,1.4,4.7,0.304,9.5,15,0.631,0.589,6.3,10,0.633,2.2,11.4,13.6,5.6,1,1,3.7,3.1,29.5,2019,44.5,-89.5
Devin Booker,SG,23,PHO,70,70,35.9,9,18.3,0.489,2,5.7,0.354,6.9,12.6,0.549,0.544,6.7,7.3,0.919,0.4,3.8,4.2,6.5,0.7,0.3,3.8,3,26.6,2019,34.04,-111.09
Jimmy Butler,SF,30,MIA,58,58,33.8,5.9,13.1,0.455,0.5,2.1,0.244,5.4,11,0.495,0.474,7.6,9.1,0.834,1.8,4.8,6.7,6,1.8,0.6,2.2,1.4,19.9,2019,27.99,-81.76
Anthony Davis,PF,26,LAL,62,62,34.4,8.9,17.7,0.503,1.2,3.5,0.33,7.7,14.2,0.546,0.536,7.2,8.5,0.846,2.3,7,9.3,3.2,1.5,2.3,2.5,2.5,26.1,2019,36.77,-119.41
Luka Dončić,PG,20,DAL,61,61,33.6,9.5,20.6,0.463,2.8,8.9,0.316,6.7,11.7,0.574,0.531,7,9.2,0.758,1.3,8.1,9.4,8.8,1,0.2,4.3,2.5,28.8,2019,31,-100
Joel Embiid,C,25,PHI,51,51,29.5,7.5,15.7,0.477,1.1,3.4,0.331,6.4,12.3,0.517,0.512,6.9,8.5,0.807,2.8,8.9,11.6,3,0.9,1.3,3.1,3.4,23,2019,41.2,-77.19
Rudy Gobert,C,27,UTA,68,68,34.3,5.7,8.2,0.693,0,0,,5.7,8.2,0.693,0.693,3.7,5.9,0.63,3.4,10.1,13.5,1.5,0.8,2,1.9,3.2,15.1,2019,39.42,-111.95
James Harden,SG,30,HOU,68,68,36.5,9.9,22.3,0.444,4.4,12.4,0.355,5.5,9.9,0.556,0.543,10.2,11.8,0.865,1,5.5,6.6,7.5,1.8,0.9,4.5,3.3,34.3,2019,31,-100
Brandon Ingram,PF,22,NOP,62,62,33.9,8.2,17.7,0.463,2.4,6.2,0.391,5.8,11.5,0.501,0.531,5,5.9,0.851,0.8,5.3,6.1,4.2,1,0.6,3,2.9,23.8,2019,30.39,-92.33
LeBron James,PG,35,LAL,67,67,34.6,9.6,19.4,0.493,2.2,6.3,0.348,7.4,13.1,0.564,0.55,3.9,5.7,0.693,1,6.9,7.8,10.2,1.2,0.5,3.9,1.8,25.3,2019,36.77,-119.41
Nikola Jokić,C,24,DEN,73,73,32,7.7,14.7,0.528,1.1,3.5,0.314,6.6,11.2,0.594,0.565,3.4,4.1,0.817,2.3,7.5,9.7,7,1.2,0.6,3.1,3,19.9,2019,39.11,-105.36
Kawhi Leonard,SF,28,LAC,57,57,32.4,9.3,19.9,0.47,2.2,5.7,0.378,7.2,14.2,0.506,0.524,6.2,7.1,0.886,0.9,6.1,7.1,4.9,1.8,0.6,2.6,2,27.1,2019,36.78,-119.42
Damian Lillard,PG,29,POR,66,66,37.5,9.5,20.4,0.463,4.1,10.2,0.401,5.4,10.2,0.524,0.563,7,7.8,0.888,0.5,3.8,4.3,8,1.1,0.3,2.9,1.7,30,2019,44,-120.5
Kyle Lowry,PG,33,TOR,58,58,36.2,5.8,13.8,0.416,2.8,8,0.352,2.9,5.8,0.504,0.518,5.1,5.9,0.857,0.6,4.5,5,7.5,1.4,0.4,3.1,3.3,19.4,2019,43.65,-79.34
Khris Middleton,SF,28,MIL,62,59,29.9,7.6,15.3,0.497,2.4,5.7,0.415,5.2,9.6,0.546,0.575,3.4,3.7,0.916,0.7,5.5,6.2,4.3,0.9,0.1,2.2,2.3,20.9,2019,44.5,-89.5
Donovan Mitchell,SG,23,UTA,69,69,34.3,8.7,19.4,0.449,2.5,6.9,0.366,6.2,12.6,0.494,0.513,4,4.7,0.863,0.8,3.6,4.4,4.3,1,0.2,2.7,2.5,24,2019,39.42,-111.95
Chris Paul,PG,34,OKC,70,70,31.5,6.2,12.7,0.489,1.6,4.3,0.365,4.6,8.3,0.554,0.552,3.6,4,0.907,0.4,4.6,5,6.7,1.6,0.2,2.3,2.3,17.6,2019,36.08,-96.92
Domantas Sabonis,PF,23,IND,62,62,34.8,7.4,13.7,0.54,0.3,1.1,0.254,7.1,12.6,0.565,0.55,3.5,4.8,0.723,3,9.4,12.4,5,0.8,0.5,2.7,3.1,18.5,2019,40.27,-86.13
Pascal Siakam,PF,25,TOR,60,60,35.2,8.3,18.4,0.453,2.2,6.1,0.359,6.2,12.3,0.499,0.512,4,5.1,0.792,1.1,6.3,7.3,3.5,1,0.9,2.5,2.8,22.9,2019,43.65,-79.34
Ben Simmons,PG,23,PHI,57,57,35.4,6.6,11.4,0.58,0,0.1,0.286,6.5,11.2,0.583,0.581,3.2,5.2,0.621,2,5.8,7.8,8,2.1,0.6,3.5,3.3,16.4,2019,41.2,-77.19
Jayson Tatum,PF,21,BOS,66,66,34.3,8.4,18.6,0.45,2.9,7.1,0.403,5.5,11.5,0.48,0.527,3.8,4.7,0.812,1,6,7,3,1.4,0.9,2.3,2.1,23.4,2019,42.41,-71.38
Kemba Walker,PG,29,BOS,56,56,31.1,6.8,15.9,0.425,3.2,8.4,0.381,3.5,7.4,0.476,0.526,3.7,4.3,0.864,0.6,3.2,3.9,4.8,0.9,0.5,2.1,1.6,20.4,2019,42.41,-71.38
Russell Westbrook,PG,31,HOU,57,57,35.9,10.6,22.5,0.472,1,3.7,0.258,9.6,18.7,0.514,0.493,5.1,6.7,0.763,1.8,6.2,7.9,7,1.6,0.4,4.5,3.5,27.2,2019,31,-100
Trae Young,PG,21,ATL,60,60,35.3,9.1,20.8,0.437,3.4,9.5,0.361,5.7,11.4,0.501,0.519,8,9.3,0.86,0.5,3.7,4.3,9.3,1.1,0.1,4.8,1.7,29.6,2019,33.25,-83.44
Anthony Davis,PF,27,LAL,36,36,32.3,8.4,17,0.491,0.7,2.8,0.26,7.6,14.3,0.536,0.512,4.4,5.9,0.738,1.7,6.2,7.9,3.1,1.3,1.6,2.1,1.7,21.8,2020,36.77,-119.41
Ben Simmons,PG,24,PHI,58,58,32.4,5.6,10.1,0.557,0.1,0.2,0.3,5.6,9.9,0.562,0.56,3,4.9,0.613,1.6,5.6,7.2,6.9,1.6,0.6,3,2.9,14.3,2020,41.2,-77.19
Bradley Beal,SG,27,WAS,60,60,35.8,11.2,23,0.485,2.2,6.2,0.349,9,16.8,0.535,0.532,6.8,7.7,0.889,1.2,3.5,4.7,4.4,1.2,0.4,3.1,2.3,31.3,2020,47.75,-120.74
Chris Paul,PG,35,PHO,70,70,31.4,6.3,12.6,0.499,1.5,3.7,0.395,4.8,8.9,0.543,0.557,2.4,2.6,0.934,0.4,4.1,4.5,8.9,1.4,0.3,2.2,2.4,16.4,2020,34.04,-111.09
Mike Conley,PG,33,UTA,51,51,29.4,5.6,12.5,0.444,2.7,6.6,0.412,2.9,6,0.479,0.552,2.4,2.8,0.852,0.7,2.8,3.5,6,1.4,0.2,1.9,1.9,16.2,2020,39.42,-111.95
Damian Lillard,PG,30,POR,67,67,35.8,9,19.9,0.451,4.1,10.5,0.391,4.9,9.4,0.519,0.554,6.7,7.2,0.928,0.5,3.7,4.2,7.5,0.9,0.3,3,1.5,28.8,2020,44,-120.5
Devin Booker,SG,24,PHO,67,67,33.9,9.3,19.2,0.484,1.9,5.5,0.34,7.4,13.7,0.543,0.533,5.1,5.9,0.867,0.5,3.7,4.2,4.3,0.8,0.2,3.1,2.7,25.6,2020,34.04,-111.09
Domantas Sabonis,PF,24,IND,62,62,36,7.8,14.6,0.535,0.8,2.6,0.321,7,12,0.582,0.564,3.9,5.3,0.732,2.4,9.5,12,6.7,1.2,0.5,3.4,3.3,20.3,2020,40.27,-86.13
Donovan Mitchell,PG,24,UTA,53,53,33.4,9,20.6,0.438,3.4,8.7,0.386,5.7,11.9,0.476,0.52,5,6,0.845,0.9,3.5,4.4,5.2,1,0.3,2.8,2.2,26.4,2020,39.42,-111.95
Giannis Antetokounmpo,PF,26,MIL,61,61,33,10.3,18,0.569,1.1,3.6,0.303,9.2,14.4,0.636,0.6,6.5,9.5,0.685,1.6,9.4,11,5.9,1.2,1.2,3.4,2.8,28.1,2020,44.5,-89.5
James Harden,SG,31,TOT,44,43,36.6,7.8,16.7,0.466,2.8,7.6,0.362,5,9.1,0.553,0.548,6.3,7.3,0.861,0.8,7.1,7.9,10.8,1.2,0.8,4,2.3,24.6,2020,47.75,-120.74
Jaylen Brown,SG,24,BOS,58,58,34.5,9.3,19.2,0.484,2.8,7.1,0.397,6.5,12.1,0.536,0.558,3.3,4.3,0.764,1.2,4.8,6,3.4,1.2,0.6,2.7,2.9,24.7,2020,42.41,-71.38
Jayson Tatum,SF,22,BOS,64,64,35.8,9.5,20.6,0.459,2.9,7.6,0.386,6.5,13,0.502,0.53,4.6,5.3,0.868,0.8,6.6,7.4,4.3,1.2,0.5,2.7,1.9,26.4,2020,42.41,-71.38
Joel Embiid,C,26,PHI,51,51,31.1,9,17.6,0.513,1.1,3,0.377,7.9,14.6,0.541,0.545,9.2,10.7,0.859,2.2,8.4,10.6,2.8,1,1.4,3.1,2.4,28.5,2020,41.2,-77.19
Julius Randle,PF,26,NYK,71,71,37.6,8.5,18.6,0.456,2.3,5.5,0.411,6.2,13.1,0.474,0.516,4.9,6,0.811,1.2,9,10.2,6,0.9,0.3,3.4,3.2,24.1,2020,43,-75
Kawhi Leonard,SF,29,LAC,52,52,34.1,8.9,17.5,0.512,1.9,4.9,0.398,7,12.6,0.557,0.568,5,5.7,0.885,1.1,5.4,6.5,5.2,1.6,0.4,2,1.6,24.8,2020,36.78,-119.42
Kevin Durant,PF,32,BRK,35,32,33.1,9.3,17.2,0.537,2.4,5.4,0.45,6.8,11.8,0.577,0.608,6,6.8,0.882,0.4,6.7,7.1,5.6,0.7,1.3,3.4,2,26.9,2020,43,-75
Kyrie Irving,PG,28,BRK,54,54,34.9,10.2,20.1,0.506,2.8,7,0.402,7.4,13.1,0.561,0.576,3.7,4,0.922,1,3.8,4.8,6,1.4,0.7,2.4,2.6,26.9,2020,43,-75
LeBron James,PG,36,LAL,45,45,33.4,9.4,18.3,0.513,2.3,6.3,0.365,7.1,12,0.591,0.576,4,5.7,0.698,0.6,7,7.7,7.8,1.1,0.6,3.7,1.6,25,2020,36.77,-119.41
Luka Dončić,PG,21,DAL,66,66,34.3,9.8,20.5,0.479,2.9,8.3,0.35,6.9,12.2,0.567,0.55,5.2,7.1,0.73,0.8,7.2,8,8.6,1,0.5,4.3,2.3,27.7,2020,31,-100
Nikola Jokić,C,25,DEN,72,72,34.6,10.2,18,0.566,1.3,3.3,0.388,8.9,14.7,0.606,0.602,4.8,5.5,0.868,2.8,8,10.8,8.3,1.3,0.7,3.1,2.7,26.4,2020,39.11,-105.36
Nikola Vučević,C,30,TOT,70,70,33.5,9.5,19.9,0.477,2.5,6.3,0.4,7,13.7,0.513,0.54,1.9,2.2,0.84,2.1,9.6,11.7,3.8,0.9,0.7,1.8,2,23.4,2020,47.75,-120.74
Paul George,SF,30,LAC,54,54,33.7,8.2,17.6,0.467,3.2,7.7,0.411,5.1,9.9,0.51,0.557,3.7,4.2,0.868,0.8,5.8,6.6,5.2,1.1,0.4,3.3,2.4,23.3,2020,36.78,-119.42
Rudy Gobert,C,28,UTA,71,71,30.8,5.5,8.2,0.675,0,0.1,0,5.5,8.1,0.68,0.675,3.3,5.3,0.623,3.4,10.1,13.5,1.3,0.6,2.7,1.7,2.3,14.3,2020,39.42,-111.95
Stephen Curry,PG,32,GSW,63,63,34.2,10.4,21.7,0.482,5.3,12.7,0.421,5.1,9,0.569,0.605,5.7,6.3,0.916,0.5,5,5.5,5.8,1.2,0.1,3.4,1.9,32,2020,36.77,-119.41
Zach LaVine,SG,25,CHI,58,58,35.1,9.8,19.4,0.507,3.4,8.2,0.419,6.4,11.1,0.571,0.596,4.4,5.1,0.849,0.6,4.4,5,4.9,0.8,0.5,3.5,2.4,27.4,2020,40,-89
Zion Williamson,PF,20,NOP,61,61,33.2,10.4,17,0.611,0.2,0.6,0.294,10.2,16.4,0.622,0.616,6,8.7,0.698,2.7,4.5,7.2,3.7,0.9,0.6,2.7,2.2,27,2020,30.39,-92.33
Jarrett Allen,C,23,CLE,56,56,32.3,6.6,9.7,0.677,0,0.2,0.1,6.6,9.6,0.688,0.678,2.9,4.2,0.708,3.4,7.3,10.8,1.6,0.8,1.3,1.7,1.7,16.1,2021,40.37,-82.99
Giannis Antetokounmpo,PF,27,MIL,67,67,32.9,10.3,18.6,0.553,1.1,3.6,0.293,9.2,15,0.616,0.582,8.3,11.4,0.722,2,9.6,11.6,5.8,1.1,1.4,3.3,3.2,29.9,2021,44.5,-89.5
LaMelo Ball,PG,20,CHI,75,75,32.3,7.2,16.7,0.429,2.9,7.5,0.389,4.2,9.2,0.462,0.517,2.8,3.2,0.872,1.4,5.2,6.7,7.6,1.6,0.4,3.3,3.2,20.1,2021,40,-89
Devin Booker,SG,25,PHO,68,68,34.5,9.7,20.9,0.466,2.7,7,0.383,7,13.9,0.508,0.53,4.6,5.3,0.868,0.7,4.4,5,4.8,1.1,0.4,2.4,2.6,26.8,2021,34.04,-111.09
Jimmy Butler,SF,32,MIA,57,57,33.9,7,14.5,0.48,0.5,2,0.233,6.5,12.5,0.52,0.496,6.9,8,0.87,1.8,4.1,5.9,5.5,1.6,0.5,2.1,1.5,21.4,2021,27.99,-81.76
Stephen Curry,PG,33,GSW,64,64,34.5,8.4,19.1,0.437,4.5,11.7,0.38,3.9,7.4,0.527,0.554,4.3,4.7,0.923,0.5,4.7,5.2,6.3,1.3,0.4,3.2,2,25.5,2021,36.77,-119.41
DeMar DeRozan,PF,32,CHI,76,76,36.1,10.2,20.2,0.504,0.7,1.9,0.352,9.5,18.3,0.52,0.521,6.8,7.8,0.877,0.7,4.4,5.2,4.9,0.9,0.3,2.4,2.3,27.9,2021,40,-89
Luka Dončić,PG,22,DAL,65,65,35.4,9.9,21.6,0.457,3.1,8.8,0.353,6.8,12.8,0.528,0.529,5.6,7.5,0.744,0.9,8.3,9.1,8.7,1.2,0.6,4.5,2.2,28.4,2021,31,-100
Kevin Durant,PF,33,BRK,55,55,37.2,10.5,20.3,0.518,2.1,5.5,0.383,8.4,14.8,0.568,0.57,6.8,7.4,0.91,0.5,6.9,7.4,6.4,0.9,0.9,3.5,2.1,29.9,2021,43,-75
Joel Embiid,C,27,PHI,68,68,33.8,9.8,19.6,0.499,1.4,3.7,0.371,8.4,15.9,0.529,0.534,9.6,11.8,0.814,2.1,9.6,11.7,4.2,1.1,1.5,3.1,2.7,30.6,2021,41.2,-77.19
Darius Garland,PG,22,CLE,68,68,35.7,8,17.3,0.462,2.6,6.7,0.383,5.4,10.6,0.512,0.536,3.2,3.5,0.892,0.6,2.7,3.3,8.6,1.3,0.1,3.6,1.7,21.7,2021,40.37,-82.99
Rudy Gobert,C,29,UTA,66,66,32.1,5.5,7.7,0.713,0,0.1,0,5.5,7.6,0.718,0.713,4.6,6.7,0.69,3.7,11,14.7,1.1,0.7,2.1,1.8,2.7,15.6,2021,39.42,-111.95
Draymond Green,PF,31,GSW,46,44,28.9,2.9,5.6,0.525,0.3,1.2,0.296,2.6,4.4,0.586,0.556,1.3,2,0.659,1,6.3,7.3,7,1.3,1.1,3,3,7.5,2021,36.77,-119.41
James Harden,PG,32,TOT,65,65,37.2,6.3,15.3,0.41,2.3,6.9,0.33,4,8.4,0.476,0.485,7.2,8.2,0.877,0.8,6.8,7.7,10.3,1.3,0.6,4.4,2.4,22,2021,47.75,-120.74
LeBron James,PF,37,LAL,56,56,37.2,11.4,21.8,0.524,2.9,8,0.359,8.6,13.8,0.62,0.59,4.5,6,0.756,1.1,7.1,8.2,6.2,1.3,1.1,3.5,2.2,30.3,2021,36.77,-119.41
Nikola Jokić,C,26,DEN,74,74,33.5,10.3,17.7,0.583,1.3,3.9,0.337,9,13.8,0.652,0.62,5.1,6.3,0.81,2.8,11,13.8,7.9,1.5,0.9,3.8,2.6,27.1,2021,39.11,-105.36
Zach LaVine,SG,26,CHI,67,67,34.7,8.4,17.7,0.476,2.8,7.1,0.389,5.7,10.6,0.534,0.554,4.8,5.6,0.853,0.3,4.3,4.6,4.5,0.6,0.3,2.6,1.8,24.4,2021,40,-89
Khris Middleton,SF,30,MIL,66,66,32.4,6.8,15.5,0.443,2.5,6.6,0.373,4.4,8.9,0.494,0.522,3.9,4.4,0.89,0.6,4.8,5.4,5.4,1.2,0.3,2.9,2.4,20.1,2021,44.5,-89.5
Donovan Mitchell,SG,25,UTA,67,67,33.8,9.2,20.5,0.448,3.5,9.8,0.355,5.7,10.8,0.533,0.533,4,4.7,0.853,0.8,3.4,4.2,5.3,1.5,0.2,3,2.4,25.9,2021,39.42,-111.95
Ja Morant,PG,22,MEM,57,57,33.1,10.2,20.6,0.493,1.5,4.5,0.344,8.6,16.2,0.534,0.53,5.5,7.3,0.761,1.4,4.4,5.7,6.7,1.2,0.4,3.4,1.5,27.4,2021,35.86,-86.66
Dejounte Murray,PG,25,SAS,68,68,34.8,8.4,18.3,0.462,1.4,4.3,0.327,7,13.9,0.504,0.5,2.9,3.6,0.794,1.2,7.1,8.3,9.2,2,0.3,2.6,2,21.1,2021,31,-100
Chris Paul,PG,36,PHO,65,65,32.9,5.6,11.3,0.493,1,3.1,0.317,4.6,8.3,0.559,0.536,2.6,3.1,0.837,0.3,4,4.4,10.8,1.9,0.3,2.4,2.1,14.7,2021,34.04,-111.09
Jayson Tatum,SF,23,BOS,76,76,35.9,9.3,20.6,0.453,3,8.6,0.353,6.3,12,0.524,0.526,5.3,6.2,0.853,1.1,6.9,8,4.4,1,0.6,2.9,2.3,26.9,2021,42.41,-71.38
Karl-Anthony Towns,C,26,MIN,74,74,33.5,8.7,16.4,0.529,2,4.9,0.41,6.6,11.5,0.58,0.591,5.2,6.3,0.822,2.6,7.2,9.8,3.6,1,1.1,3.1,3.6,24.6,2021,46.39,-94.64
Fred VanVleet,PG,27,TOR,65,65,37.9,6.8,16.9,0.403,3.7,9.9,0.377,3.1,7,0.44,0.513,3,3.4,0.874,0.7,3.8,4.4,6.7,1.7,0.5,2.6,2.5,20.3,2021,43.65,-79.34
Andrew Wiggins,SF,26,GSW,73,73,31.9,6.5,14,0.466,2.2,5.5,0.393,4.4,8.5,0.513,0.543,2,3.2,0.634,1.2,3.3,4.5,2.2,1,0.7,1.5,2.2,17.2,2021,36.77,-119.41
Trae Young,PG,23,ATL,76,76,34.9,9.4,20.3,0.46,3.1,8,0.382,6.3,12.3,0.512,0.536,6.6,7.3,0.904,0.7,3.1,3.7,9.7,0.9,0.1,4,1.7,28.4,2021,33.25,-83.44
